"ID","Nombre","Edad","Sexo","Salario","Departamento","Estado_Civil","Experiencia_Años","Horas_Trabajo","Satisfaccion_Laboral","Teletrabajo","Evaluacion_Desempeño"
1,"Carlos",30,"M",2251.58,"RRHH","Divorciado",3,34.5,4,"No",8.4
2,"Carlos",25,"M",2578.19,"TI","Soltero",15,43.7,2,"Sí",9.9
3,"Luis",19,"M",2521.22,"Finanzas","Viudo",34,51,3,"Sí",8.7
4,"Sofía",23,"M",2649.91,"TI","Divorciado",31,37.9,4,"Sí",5.4
4,"Sofía",23,"M",2649.91,"TI","Divorciado",31,37.9,4,"Sí",5.4
5,"Luis",40,"M",2510.89,"TI","Casado",5,42.3,2,"No",3.7
5,"Luis",40,"M",2510.89,"TI","Casado",5,42.3,2,"No",3.7
6,"Ana",34,"F",2876.88,"Ventas","Divorciado",16,47.9,3,"No",7.9
7,"Ana",49,"F",3033.63,"Marketing","Casado",30,38.1,4,"Sí",6.4
8,"Sofía",31,"F",2165.3,"RRHH","Casado",22,38.1,4,"No",7.1
9,"Luis",24,"F",1750.75,"Marketing","Divorciado",5,43.2,3,"Sí",5
10,"Pedro",30,"F",2621.83,"Finanzas","Soltero",29,35.2,1,"Sí",0.8
11,"María",25,"F",2440.2,"RRHH","Viudo",9,39.1,3,"No",7.9
11,"María",25,"F",2440.2,"RRHH","Viudo",9,39.1,3,"No",7.9
12,"Sofía",55,"F",2096.2,"Ventas","Viudo",19,37.2,3,"No",8
13,"Sofía",28,"F",2545.66,"TI","Casado",20,35.2,2,"Sí",4.4
14,"Juan",59,"F",2962.88,"RRHH","Viudo",39,42.1,3,"Sí",1.5
15,"Ana",34,"F",NA,"Finanzas","Casado",39,39.3,3,"No",9.7
16,"Luis",24,"M",1887.72,"TI","Casado",2,50.8,3,"Sí",7.6
17,"Elena",61,"F",2658.85,"TI","Soltero",25,25.8,5,"No",9.5
18,"Pedro",36,"M",1927.28,"RRHH","Viudo",4,43.2,5,"No",1.1
19,"Luis",57,"M",2636.97,"TI","Divorciado",23,35.9,1,"No",8.8
19,"Luis",57,"M",2636.97,"TI","Divorciado",23,35.9,1,"No",8.8
20,"Luis",32,"M",2601.75,"RRHH","Viudo",14,38.6,2,"No",4.9
21,"Juan",63,"F",3256.18,"TI","Divorciado",14,34.6,2,"Sí",8.9
22,"María",31,"M",2404.9,"Marketing","Divorciado",1,42.9,3,"No",7
23,"Juan",43,"F",2866.99,"RRHH","Casado",4,46.8,5,"Sí",9.9
24,"Juan",44,"M",2942.72,"Finanzas","Divorciado",16,42.4,4,"No",3.7
24,"Juan",44,"M",2942.72,"Finanzas","Divorciado",16,42.4,4,"No",3.7
25,"Pedro",34,"M",2395.64,"TI","Casado",5,35.4,5,"No",6.3
26,"Luis",50,"M",1765.35,"Marketing","Casado",28,48.1,5,"Sí",4.4
27,"Elena",35,"F",2482.33,"Marketing","Soltero",29,39.2,4,"No",2.9
28,"Ana",37,"F",2649.95,"RRHH","Viudo",4,40.9,4,"No",7.2
29,"Carlos",44,"M",2695.82,"Marketing","Soltero",27,39.8,1,"No",0.9
30,"Ana",59,"M",2587.01,"Marketing","Viudo",3,38.9,5,"Sí",7.6
31,"Juan",27,NA,2394.02,"TI","Casado",13,40.4,1,"Sí",7.5
32,"Sofía",26,"M",3045.3,"Marketing","Soltero",14,34.8,1,"No",9.4
NA,"Luis",48,"F",2484.88,"Marketing","Soltero",11,45.8,5,"No",4.3
34,"María",36,"M",2454.6,"Ventas","Soltero",20,43.2,1,"Sí",10
35,"Sofía",35,"F",2728.63,"Ventas","Soltero",5,40.4,1,"No",5.5
36,"Juan",61,"F",2696.3,"RRHH","Casado",37,44.7,4,"No",4.6
37,"Luis",61,"M",3379.86,"TI","Divorciado",15,33.9,4,"No",6.4
38,"Carlos",45,"M",3147,"Ventas","Casado",24,45.4,1,"No",9.1
39,"Pedro",38,"M",2991.29,"Ventas","Viudo",28,41.1,5,"Sí",1.8
40,"María",46,"M",2631.1,"Finanzas","Viudo",33,42.5,1,"Sí",7.6
41,"Carlos",53,"M",2182.9,"Finanzas","Viudo",26,37.7,3,"Sí",6.8
41,"Carlos",53,"M",2182.9,"Finanzas","Viudo",26,37.7,3,"Sí",6.8
42,"Elena",37,"F",1955.98,"Finanzas","Divorciado",9,36.1,4,"Sí",5.3
43,"Ana",40,"M",2033.49,"Ventas","Soltero",27,37.3,3,"Sí",4.3
44,"Pedro",59,"F",2068.43,"TI","Soltero",21,45.2,4,"No",4.8
45,"Carlos",22,"M",2751.19,"TI","Casado",39,45.5,4,"No",8.4
46,"Juan",19,"M",2217.6,"TI","Soltero",36,47.8,3,"No",1.6
47,"Juan",35,"F",2411.75,"Marketing","Divorciado",2,39.7,2,"Sí",6
48,"Ana",29,"F",3160.7,"Marketing","Viudo",3,36.2,4,"Sí",8.4
49,"Carlos",30,"M",2636.28,"RRHH","Viudo",6,47.4,3,"Sí",3.8
50,"Luis",60,"M",2505.53,"TI","Viudo",13,32.2,3,"Sí",8.5
NA,"María",55,"F",2109.73,"Finanzas","Divorciado",9,NA,2,"No",5.2
52,"Pedro",35,"M",2149.45,"Finanzas","Casado",19,43,5,"No",3.1
53,"Carlos",27,"F",2120.32,"Finanzas","Soltero",34,34.2,5,"Sí",8.9
54,"Pedro",26,"M",2414.87,"RRHH","Casado",27,32.2,5,"Sí",1.1
55,"Luis",52,"M",2171.86,"Ventas","Divorciado",26,42.4,1,"Sí",3.1
56,"Elena",46,"F",2578.77,"Marketing","Divorciado",14,48.1,4,"No",5.1
57,"Sofía",39,"M",3046.71,"Finanzas","Viudo",3,36.4,3,"No",7.3
58,"Juan",36,"M",2650.52,"RRHH","Viudo",1,36.6,2,"Sí",8.7
59,"Ana",25,"F",2220.76,"TI","Casado",21,35.3,3,"Sí",2.6
60,"Pedro",62,"M",1962.31,"Ventas","Soltero",32,47.4,3,"No",9.6
61,"Pedro",50,"F",2600.39,"RRHH","Casado",36,36.5,4,"No",9.9
62,"Elena",19,"M",2542.01,"Marketing","Soltero",0,35.8,3,"Sí",2.9
63,"María",60,"F",2036.8,"Finanzas","Divorciado",1,36,3,"Sí",8.8
64,"Carlos",65,NA,2693.35,"Ventas","Viudo",31,37.1,4,"Sí",4.5
65,"Pedro",22,"F",2830.21,"Marketing","Divorciado",NA,37,2,"Sí",3.9
66,"Ana",38,"M",2361.96,NA,"Viudo",37,43,1,"Sí",9.6
67,"Juan",48,"F",2656.41,"Marketing","Viudo",4,41.5,5,"No",8.5
68,"Juan",53,"F",2157.13,NA,"Soltero",15,42.4,2,"Sí",3.4
69,"Luis",44,"F",3634.1,"RRHH","Viudo",13,36.8,5,"No",1.9
69,"Luis",44,"F",3634.1,"RRHH","Viudo",13,36.8,5,"No",1.9
70,"Juan",40,"M",1653.92,"Finanzas","Casado",2,43.6,5,"No",1.6
71,"Sofía",20,"F",2793.92,"Finanzas","Divorciado",18,24.8,2,"Sí",7.4
72,"Pedro",32,"M",2533.2,"Marketing","Soltero",13,45.6,5,"Sí",6.4
73,"Carlos",59,"F",1797.67,"Ventas","Divorciado",1,41,1,"Sí",0.2
74,"Juan",56,"M",2328.6,"Finanzas","Viudo",40,38,1,"Sí",9.9
75,"Carlos",24,"M",2143.37,"Marketing","Casado",13,42.4,3,"Sí",1.5
NA,"Ana",51,"M",2251.89,"Ventas","Soltero",29,33.9,5,"No",2.3
NA,"Ana",51,"M",2251.89,"Ventas","Soltero",29,33.9,5,"No",2.3
77,"María",48,"F",2164.19,"TI","Viudo",19,36.8,4,"No",6.8
78,"Carlos",35,"F",2334.23,"Marketing","Soltero",4,40.5,4,"No",3.2
78,"Carlos",35,"F",2334.23,"Marketing","Soltero",4,40.5,4,"No",3.2
79,"Elena",35,"F",2585.64,"RRHH","Viudo",2,32.2,4,"No",9.7
79,"Elena",35,"F",2585.64,"RRHH","Viudo",2,32.2,4,"No",9.7
80,"María",52,"M",2010.3,"Marketing","Divorciado",3,39.8,4,"No",4.6
81,"Sofía",57,"F",2660.5,"Marketing","Soltero",17,39.8,2,"Sí",8.5
82,"Sofía",63,"F",2044.06,"Finanzas","Soltero",5,38.6,4,"No",5.2
83,"Luis",26,"M",3160.43,"Marketing","Casado",0,33.5,1,"Sí",6.1
84,"Elena",32,"F",2427.65,"TI","Viudo",19,45.8,2,"No",3.5
85,"Sofía",34,"F",2014.5,"RRHH","Divorciado",4,32.6,3,"No",8.1
86,"Sofía",24,"F",2367.96,"Ventas","Viudo",14,32.6,4,"Sí",6.8
87,"Carlos",47,"F",2869.16,"Marketing","Casado",8,37.1,2,"Sí",1.8
88,"Carlos",25,"F",2666.19,"Ventas","Viudo",31,47.7,1,"No",2.6
89,"Elena",18,"M",2327.96,"Ventas","Divorciado",35,40.5,4,"No",7.2
89,"Elena",18,"M",2327.96,"Ventas","Divorciado",35,40.5,4,"No",7.2
90,"Juan",26,"M",3352.8,"RRHH","Casado",19,41.3,5,"No",4.5
91,"Sofía",52,"M",2653.35,"Marketing","Soltero",31,38.9,2,"No",0
92,"Ana",42,"F",2383.1,"Ventas","Soltero",39,41.4,5,"No",7.5
93,"Juan",19,NA,2213.81,"RRHH","Viudo",40,43.2,4,"No",7
94,"Ana",28,"M",3094.04,"Finanzas","Soltero",40,43.5,3,"Sí",5.5
95,"María",21,"F",2774.11,"TI","Divorciado",26,46.9,3,"No",5.5
96,"Pedro",57,"F",1738.88,"RRHH","Divorciado",24,36.1,4,"No",7.5
96,"Pedro",57,"F",1738.88,"RRHH","Divorciado",24,36.1,4,"No",7.5
97,"Pedro",37,"F",3014.34,"Marketing","Divorciado",14,39.2,2,"Sí",4.9
97,"Pedro",37,"F",3014.34,"Marketing","Divorciado",14,39.2,2,"Sí",4.9
98,"Sofía",28,"M",2894.6,"Finanzas","Viudo",20,42.1,3,"No",0.8
99,"Carlos",35,"F",2670.47,"Finanzas","Viudo",34,44.1,2,"Sí",3.3
100,"Luis",31,"F",1752.82,"TI","Casado",30,38.3,1,"No",2
101,"Juan",20,"M",2387.23,"Marketing","Soltero",13,43.3,2,"Sí",3.9
102,"María",45,"M",2346.13,"Ventas","Divorciado",2,37.3,3,"Sí",4.4
103,"Sofía",20,"M",2588.83,"Marketing","Viudo",34,38.3,3,"No",7
104,"Juan",63,"F",1387.17,"RRHH","Viudo",NA,45.1,5,"No",0.6
105,"Elena",45,"M",2987.37,NA,"Divorciado",NA,30.6,5,"Sí",0.3
106,"Sofía",46,"F",1716.04,"Ventas","Casado",30,41.1,4,"Sí",5.8
107,"Juan",56,"M",2354.93,"Ventas","Soltero",4,44.6,3,"Sí",3.9
108,"Carlos",40,"M",1957.17,"RRHH","Divorciado",13,38.3,2,"No",8.2
109,"Luis",32,"M",2256.4,"RRHH","Viudo",24,43.1,1,"Sí",7.8
110,"Elena",40,"F",2058.61,"TI","Casado",34,36.5,5,"No",4.5
110,"Elena",40,"F",2058.61,"TI","Casado",34,36.5,5,"No",4.5
111,"Elena",41,"M",2593.43,"TI","Soltero",30,40.9,3,"No",1.1
112,"Sofía",57,"F",2418.18,"TI","Soltero",18,40,1,"Sí",0.5
113,"María",50,"M",2455.85,"Finanzas","Viudo",30,39.9,4,"No",2.1
114,"Carlos",54,"M",2817.96,"RRHH","Soltero",18,33.6,2,"No",4
115,"Juan",46,"M",2998.07,"Finanzas","Soltero",24,39.2,4,"Sí",6
116,"Sofía",23,"M",3043.36,"Ventas","Casado",22,35.9,5,"Sí",1
117,"Sofía",42,"F",2738.44,"Finanzas","Divorciado",29,38.2,NA,"Sí",2
118,"Elena",59,"M",2376.59,"Finanzas","Divorciado",24,45.1,3,"Sí",4
119,"Luis",43,"F",2060.32,"TI","Divorciado",5,37.2,5,"Sí",3.2
120,"Sofía",41,"F",1912.62,"RRHH","Soltero",15,39.8,3,"No",0.8
121,"Pedro",61,"F",3156.77,"RRHH","Viudo",22,40.5,5,"Sí",4.6
122,"Elena",49,"F",2550.82,"Finanzas","Casado",6,39.1,1,"No",0.2
123,"Carlos",25,"F",NA,"RRHH","Soltero",8,44,1,"Sí",5.6
124,"Luis",33,"M",2886.03,"TI","Divorciado",13,39.8,2,"No",8
125,"Carlos",56,"M",2804.09,"TI","Divorciado",32,40.8,4,"Sí",1.2
126,"Sofía",49,"M",2425.1,NA,"Viudo",19,35.5,4,"Sí",6
127,"Ana",56,"M",2951.48,"Marketing","Casado",2,38.1,3,"No",5
128,"Carlos",18,"F",3003.43,"Ventas","Casado",39,36.8,1,"No",1.2
129,"Pedro",47,"M",1447.77,"Marketing","Viudo",1,42.4,3,"Sí",5
NA,"Pedro",42,"M",2472.32,"Ventas","Divorciado",35,45.8,1,"Sí",0.8
NA,"Pedro",42,"M",2472.32,"Ventas","Divorciado",35,45.8,1,"Sí",0.8
131,"Elena",60,"M",2428.63,"RRHH","Divorciado",20,37.7,2,"Sí",4.1
132,"Luis",20,"F",2724.09,"RRHH","Divorciado",21,28.9,1,"No",1.1
133,"Ana",39,"M",3468.92,"TI","Soltero",16,35.8,3,"Sí",9.3
134,"Ana",34,"F",3465.24,"Ventas","Soltero",23,35.3,3,"No",3
135,"Ana",37,"M",2818.79,"RRHH","Divorciado",28,45.9,4,"Sí",4.4
136,"María",52,"M",2689.27,"RRHH","Viudo",18,40.7,2,"No",8.9
137,"Ana",31,"F",3822.09,"TI","Viudo",28,47.8,3,"Sí",4.6
138,"Ana",54,"F",2862.58,"Ventas","Viudo",24,42,5,"No",6.5
139,"Sofía",41,"M",1845.27,"Ventas","Divorciado",33,32.3,1,"No",8.2
140,"Carlos",47,"M",2065.57,"Finanzas","Casado",32,42.5,4,"Sí",1.7
141,"María",25,"M",2493.22,"TI","Viudo",4,36.3,3,"Sí",6.8
142,"María",37,"M",2999.74,"TI","Viudo",16,40,5,"Sí",8.4
NA,"Sofía",27,"F",2205.55,"Finanzas","Casado",25,39.5,3,"Sí",9.7
144,"Juan",39,"M",2771.85,"TI","Divorciado",5,39.3,2,"No",0.8
144,"Juan",39,"M",2771.85,"TI","Divorciado",5,39.3,2,"No",0.8
145,"Sofía",34,"M",1831.17,"RRHH","Casado",13,38.3,5,"Sí",4.4
146,"Sofía",26,"M",2646.53,"TI","Divorciado",37,49.6,1,"No",9.5
147,"Sofía",52,"F",2364.88,"Finanzas","Viudo",9,47.5,2,"Sí",0.9
148,"Luis",54,"M",3155.03,"RRHH","Soltero",20,35.6,4,"No",4
149,"Elena",38,"F",3346.59,"Finanzas","Divorciado",38,41,5,"Sí",0.7
150,"Sofía",33,"F",2575.16,"Ventas","Divorciado",10,45.8,2,"No",9.2
151,"Luis",43,"F",2657.28,"Marketing","Viudo",9,45.5,4,"Sí",6.4
152,"Sofía",52,"F",2474,"Finanzas","Soltero",6,35.5,3,"No",1.5
153,"Carlos",52,"F",2978.05,"RRHH","Soltero",2,47,4,"No",9.6
154,"Elena",43,"M",2596.95,NA,"Divorciado",14,36.5,1,"Sí",4.9
155,"Juan",30,"F",2225.98,"Marketing","Viudo",21,40.6,2,"Sí",1.4
156,"Carlos",53,"M",2652.98,"Ventas","Casado",33,40.8,3,"No",3
157,"Luis",64,"F",2138.62,"Ventas","Divorciado",30,30.4,4,NA,4.1
157,"Luis",64,"F",2138.62,"Ventas","Divorciado",30,30.4,4,NA,4.1
158,"Carlos",42,"M",2024.79,"Finanzas","Divorciado",30,39.3,2,"No",6.3
159,"Pedro",45,"F",2606.53,"Finanzas","Divorciado",10,29.5,3,"Sí",4.2
160,"Carlos",46,"M",2804.75,"Marketing","Soltero",10,30.2,1,"Sí",1.7
161,"Carlos",30,"F",2721.19,"TI","Divorciado",26,41.6,5,"No",8.9
161,"Carlos",30,"F",2721.19,"TI","Divorciado",26,41.6,5,"No",8.9
162,"Ana",61,"F",2321.53,"TI","Divorciado",35,41.7,3,"Sí",1.1
162,"Ana",61,"F",2321.53,"TI","Divorciado",35,41.7,3,"Sí",1.1
163,"Sofía",38,"F",3375.96,"Marketing","Divorciado",2,44.9,3,"No",1.5
164,"Sofía",42,"M",2075.59,"Marketing","Soltero",13,41.9,3,"No",1.7
165,"Carlos",46,"M",2481.58,"Marketing","Divorciado",33,36.6,5,"Sí",9.7
166,"Elena",37,"M",2277.62,"Ventas","Soltero",12,36,3,"No",9.6
167,"Carlos",46,"F",NA,"Marketing","Casado",14,44,4,"No",1.4
168,"Luis",30,"M",2461.07,"TI","Viudo",NA,47.3,1,"Sí",5.9
169,"Ana",30,"M",2498.2,"Finanzas","Divorciado",2,44,5,"No",2.7
170,"Pedro",52,"M",2744.92,"Finanzas","Soltero",29,41.1,1,"Sí",8.5
171,"Sofía",22,"F",1892.57,"RRHH","Casado",18,39.7,1,"No",3.4
172,"Elena",30,"M",2401.45,"TI","Casado",6,48.1,2,"Sí",2.2
173,"Elena",40,"M",3354.33,"Ventas","Viudo",26,27.5,5,"Sí",8.3
173,"Elena",40,"M",3354.33,"Ventas","Viudo",26,27.5,5,"Sí",8.3
174,"Elena",45,"M",2120.2,"TI","Casado",33,45,2,"Sí",4.6
175,"Pedro",61,"M",2986.18,"TI","Soltero",30,39.2,5,"No",4
176,"Carlos",25,"M",1984.08,NA,"Casado",15,34.4,5,"Sí",4.6
177,"Luis",55,"F",2884.29,"TI","Divorciado",35,44.2,5,"Sí",0.3
178,"María",41,"M",2650.64,"TI","Divorciado",32,35.1,2,"No",3.9
179,"María",33,"F",2712.28,"Ventas","Divorciado",11,41.7,3,"Sí",8.8
180,"Sofía",28,"M",2503.29,"Marketing","Viudo",17,40.9,3,"No",4.4
181,"María",40,"F",2870.65,"Ventas","Soltero",6,40.7,4,"No",5.1
182,"Pedro",47,"F",3279.5,"Ventas","Divorciado",23,30.7,2,"Sí",6.2
183,"Luis",49,"F",2291.42,"Marketing","Casado",0,40.8,1,"No",7.3
184,"Juan",44,"M",2289.84,"RRHH","Divorciado",21,37.5,3,"Sí",2.1
184,"Juan",44,"M",2289.84,"RRHH","Divorciado",21,37.5,3,"Sí",2.1
185,"Carlos",61,"M",2848.59,"Finanzas","Viudo",5,36.5,3,"Sí",9.2
186,"Sofía",65,"F",2394.52,"Finanzas","Viudo",24,34.1,4,"No",7.8
187,"Ana",32,"F",3270.54,"Finanzas","Viudo",18,34.3,3,"No",3.9
188,"Juan",18,"F",2642.42,"Marketing","Casado",12,35.8,2,NA,9.6
189,"Carlos",61,"F",2660.98,"Ventas","Casado",5,46.2,1,"No",1
190,"Ana",27,"M",1965.74,"TI","Divorciado",11,43.5,4,"No",4.8
191,"Elena",39,"F",3212.86,"RRHH","Viudo",1,41.4,1,"No",0.3
191,"Elena",39,"F",3212.86,"RRHH","Viudo",1,41.4,1,"No",0.3
192,"Pedro",59,"F",3099.79,"Marketing","Viudo",36,48.6,5,"Sí",7
193,"Luis",53,"F",1660.98,"Ventas","Soltero",11,48.1,1,"No",3.8
NA,"Elena",58,"F",3414.4,"RRHH","Divorciado",11,44.5,5,"No",5.8
195,"María",42,"F",2232.4,"Ventas","Casado",38,34.1,5,"No",1.2
196,"Carlos",47,"F",2082.17,"Marketing","Divorciado",38,47.2,5,"Sí",4.9
197,"Carlos",54,"F",2120.77,"RRHH","Viudo",30,39,2,"Sí",6.4
198,"María",44,"F",1837.94,"Marketing","Casado",40,38.8,1,"No",6.7
198,"María",44,"F",1837.94,"Marketing","Casado",40,38.8,1,"No",6.7
199,"Juan",26,"M",2894.23,"TI","Divorciado",9,41.2,5,"No",1.4
200,"Elena",36,"F",1811.64,"Marketing","Casado",6,40.3,1,"Sí",4.8
201,"Sofía",52,"F",1964.8,"TI","Viudo",17,37.5,NA,"No",0.8
202,"Sofía",51,"F",2006.63,"Ventas","Soltero",13,43.4,2,"No",1.9
203,NA,40,"M",2768.29,"Marketing","Casado",4,37.6,5,"No",8.7
203,NA,40,"M",2768.29,"Marketing","Casado",4,37.6,5,"No",8.7
204,"Juan",29,"F",2277.4,"Marketing","Soltero",8,37.2,1,"No",4.6
205,"Elena",32,"F",2498.25,"Ventas","Viudo",24,38.7,1,"No",NA
206,"Elena",52,"M",2188.09,"Finanzas","Viudo",2,36.2,5,"No",8.9
207,"Sofía",46,"M",2730.42,"Ventas","Divorciado",27,40.8,3,"Sí",9.4
208,"Luis",24,"M",NA,"TI","Casado",16,39.5,5,"No",7.2
209,"Elena",46,"M",3343.8,"Marketing","Casado",8,38.5,3,"Sí",4.5
210,"María",62,"F",2512.83,"Marketing","Casado",12,42.3,5,"No",6.5
210,"María",62,"F",2512.83,"Marketing","Casado",12,42.3,5,"No",6.5
211,"Elena",63,"F",2204.85,"RRHH","Casado",8,30.9,1,"Sí",2.1
212,"Luis",51,"F",3191.01,"RRHH","Soltero",25,41.3,5,"Sí",4.5
213,"Pedro",26,"M",2515.95,"Marketing","Divorciado",40,44.5,2,"No",5.3
214,"María",64,"M",1998.75,"Ventas","Viudo",15,44.4,3,"No",7.1
215,"María",18,"F",2022.17,"RRHH","Casado",11,51.2,5,"No",7.1
216,"María",27,"M",2745.28,"Ventas","Soltero",32,36.8,5,"No",0.2
217,"Sofía",58,"F",1910.29,"Finanzas","Soltero",4,35.1,3,"Sí",5.7
218,"Juan",58,"F",3278.38,"Finanzas","Soltero",17,41.6,4,"Sí",4.7
219,"Ana",56,"F",2047.87,"RRHH","Soltero",10,31.6,1,"Sí",6.1
220,"Luis",61,"F",1748.65,"RRHH","Soltero",19,46.1,1,"Sí",0.7
221,"María",40,"M",1717.58,"Finanzas","Soltero",2,34.8,1,"Sí",1.6
222,"Luis",23,"M",2002.91,"Finanzas","Divorciado",5,42.2,1,"No",3.4
223,"Juan",49,"F",2778.76,"Marketing","Casado",30,38.3,4,"No",1.7
224,"Carlos",56,"M",1533.61,"TI","Casado",17,28.1,3,"No",0.8
225,NA,33,"M",2255.96,"TI","Casado",39,41.3,1,"Sí",4.6
226,"Sofía",43,"F",2464.65,"Finanzas","Viudo",33,34.5,1,"Sí",9
226,"Sofía",43,"F",2464.65,"Finanzas","Viudo",33,34.5,1,"Sí",9
227,"Pedro",33,"M",1790.21,"Marketing","Viudo",28,44.6,2,NA,2
228,"Pedro",19,"M",2594.77,"Finanzas","Divorciado",35,27.7,1,"Sí",2.5
229,"Ana",51,"F",1188.78,"Ventas","Soltero",10,39.3,3,"Sí",6.8
230,"Luis",31,"M",1661.53,"RRHH","Viudo",6,34.7,4,"No",3.1
231,"Pedro",47,"F",3271.38,"TI","Viudo",17,45.6,5,"Sí",4.6
232,"Sofía",45,"M",3340.62,"Ventas","Divorciado",34,36.4,1,"No",8.9
233,"Sofía",38,"F",3021.55,"RRHH","Viudo",23,44.7,3,"Sí",4.4
234,"Juan",40,"F",3770.49,"Finanzas","Soltero",17,37.7,5,"Sí",7.9
235,"Elena",47,"M",2219.11,"Marketing","Casado",18,40.6,2,"Sí",4.5
235,"Elena",47,"M",2219.11,"Marketing","Casado",18,40.6,2,"Sí",4.5
236,"María",42,"M",3372.02,"Ventas","Casado",20,47.3,3,"No",3.7
237,"Elena",56,"F",1929.27,"TI","Casado",24,36.6,3,"Sí",2.1
238,"Ana",23,"M",2954.67,"Marketing","Viudo",30,49.1,3,"No",0.2
239,"María",21,"M",1653.35,"Finanzas","Soltero",6,44.9,1,"Sí",8.5
240,"Pedro",20,"M",2769.15,"Marketing","Soltero",1,46.4,2,"Sí",8
241,"Pedro",63,"M",1426.43,"Finanzas","Soltero",NA,28.8,5,"No",5.2
242,"Sofía",63,"F",1672.85,"Marketing","Soltero",5,39.2,2,"Sí",3.5
242,"Sofía",63,"F",1672.85,"Marketing","Soltero",5,39.2,2,"Sí",3.5
243,"Pedro",65,"M",1913.93,"Ventas","Casado",9,32.7,4,"Sí",3.9
244,"Elena",27,"F",2130.45,"Finanzas","Soltero",37,43.8,5,"No",2.4
245,"Carlos",45,"M",2596.25,"Finanzas","Casado",40,46.1,5,"Sí",8.4
246,"Pedro",29,"M",2405.13,"Ventas","Viudo",18,36.9,2,"No",2.9
246,"Pedro",29,"M",2405.13,"Ventas","Viudo",18,36.9,2,"No",2.9
247,"Juan",20,"M",3166.84,"Ventas","Casado",28,37.4,3,"No",5.7
248,"Elena",18,"M",3243.9,NA,"Viudo",4,31.9,1,"Sí",1.3
249,"Elena",61,"M",2930.29,"Ventas","Divorciado",39,44,1,"No",9.3
250,"Ana",50,"F",2295.01,"RRHH","Divorciado",13,47.3,2,"Sí",0.8
251,"Juan",53,"M",2504.8,"RRHH","Divorciado",9,31.5,4,"Sí",0.2
252,"Elena",30,"F",2427.87,"Marketing","Soltero",34,30.9,3,"No",1.6
253,"Ana",32,"F",3000.53,"Marketing","Soltero",36,45.7,2,"No",1.3
254,"Pedro",30,"M",2462.83,"RRHH","Soltero",30,46.7,5,"No",8.6
254,"Pedro",30,"M",2462.83,"RRHH","Soltero",30,46.7,5,"No",8.6
255,"Pedro",63,"F",2123.81,"TI","Divorciado",11,41.9,5,"No",6.8
255,"Pedro",63,"F",2123.81,"TI","Divorciado",11,41.9,5,"No",6.8
256,"Juan",47,"F",2775.87,"Ventas","Soltero",0,41.2,2,"No",1.5
257,"Carlos",35,"F",1410.89,"RRHH","Casado",16,36.9,2,NA,3
258,"Carlos",61,"F",NA,"TI","Viudo",14,41.7,1,"No",3.7
259,"Ana",56,"F",2156.45,"Finanzas","Casado",18,37.7,4,"No",7.4
259,"Ana",56,"F",2156.45,"Finanzas","Casado",18,37.7,4,"No",7.4
260,"Pedro",43,"F",2324.91,"Marketing","Casado",11,50.2,4,"Sí",7
261,"María",53,"M",2799.97,"TI","Viudo",NA,37.8,1,"Sí",6.5
262,"Ana",53,"M",2616.22,"TI","Soltero",38,24.3,1,"Sí",6.7
263,"Elena",20,"F",2812.47,"Finanzas","Divorciado",26,42.5,1,"Sí",2.5
264,"Carlos",42,"F",2513.9,"Marketing","Divorciado",30,33.7,5,"Sí",0.3
265,"Sofía",28,"F",2080.61,"Marketing","Divorciado",39,44.1,1,"No",9.6
266,"Carlos",47,"F",1991.09,"RRHH","Viudo",3,32.3,3,"No",9.3
267,"Ana",33,"F",2476.1,"RRHH","Soltero",32,38.7,1,NA,8
268,"Luis",64,"M",3511.12,"Finanzas","Divorciado",16,42,5,"Sí",5.7
269,"Juan",28,"M",1651.18,"Marketing","Soltero",7,39,3,"No",2.3
270,"Juan",55,"M",2584.19,"Marketing","Casado",19,30.3,2,"No",8.4
271,"Pedro",49,"F",2238.88,"Ventas","Viudo",30,32.9,2,"Sí",2.3
272,"Pedro",48,"M",2134.1,"Ventas","Casado",8,35.7,2,"No",1.7
273,"Luis",54,"F",2778.23,"Finanzas","Soltero",17,48.1,5,"No",6.3
274,"Ana",19,"M",2379.72,"Ventas","Viudo",40,39.4,5,"No",3.3
275,"Pedro",39,"F",3182.79,"TI","Casado",36,46.4,3,"No",0.3
276,"Sofía",34,"F",2110.63,"Finanzas","Soltero",23,40.9,5,"No",3.9
277,"Pedro",22,"M",1628.42,"Marketing","Viudo",36,37.5,5,"No",3.6
278,"Luis",32,"F",1894.19,"Finanzas","Viudo",9,45.6,1,"Sí",7.4
279,"Luis",49,"F",1889.77,"Ventas","Divorciado",10,34.3,5,"No",3.4
280,"Juan",52,NA,2865.65,"TI","Casado",17,47.4,2,"No",1.1
281,"María",44,"M",2558.98,"Finanzas","Soltero",18,44.6,1,"No",3.9
282,"Ana",39,"F",2802.83,"TI","Casado",18,41.7,3,"Sí",3.2
283,"Carlos",42,"F",2627.63,"RRHH","Soltero",39,42.9,4,"No",9.9
284,"Juan",32,"M",2969.67,"Marketing","Viudo",10,41,3,"No",7.3
284,"Juan",32,"M",2969.67,"Marketing","Viudo",10,41,3,"No",7.3
285,"Carlos",52,"M",3095,"Finanzas","Casado",32,37.8,NA,"No",3.5
286,"Ana",47,"F",2976.04,"RRHH","Soltero",40,38.3,2,"No",8.6
287,"Elena",51,"F",2285.85,"TI","Viudo",5,37,1,"No",8.1
288,"María",22,"M",2063.49,"Ventas","Viudo",16,46.2,2,"Sí",1.8
289,"Pedro",22,"M",2769.92,"Ventas","Soltero",7,43,1,"No",0.5
290,"Elena",24,"F",2962.52,"Marketing","Viudo",12,39.5,1,"No",9.2
291,"Juan",19,"M",2015.87,"Ventas","Casado",25,34.3,1,"No",0.6
292,"Juan",33,"F",2913.5,"TI","Viudo",39,41.6,5,"No",4.5
293,"Juan",57,"M",2152.75,"Ventas","Soltero",1,35,1,"No",8.9
294,"Pedro",40,"M",2370.94,"RRHH","Divorciado",10,35.7,5,"No",4.2
295,"Carlos",40,"M",2245.24,"Finanzas","Soltero",37,50.2,1,"Sí",5
296,"Sofía",41,"M",2295.44,"Finanzas","Casado",12,33,3,"Sí",7.5
297,"Sofía",NA,"M",1172.33,"Finanzas","Viudo",13,35.6,5,"No",3.8
298,"Sofía",35,"M",2625.93,"RRHH","Divorciado",38,37.1,1,"No",8.1
299,"Luis",36,"F",2034.22,"Ventas","Divorciado",10,37,1,"Sí",2.6
300,"Juan",26,"F",2186.61,"TI","Casado",27,34.4,4,"No",2.2
301,"Ana",36,"F",1949.03,"Marketing","Divorciado",16,39.1,4,"No",3.5
302,"Ana",63,"M",2437.61,"TI","Soltero",23,34.8,3,"No",8.1
303,"Juan",36,"F",2355.29,"Finanzas","Casado",27,46.7,1,"Sí",2.1
304,"Ana",22,"M",2972.29,"Finanzas","Divorciado",40,40.6,4,"Sí",1.7
305,"Juan",62,"M",2855.09,"TI","Divorciado",32,44.3,1,"No",3.2
306,"Pedro",33,"M",2749.89,"RRHH","Viudo",22,33,2,"No",8
306,"Pedro",33,"M",2749.89,"RRHH","Viudo",22,33,2,"No",8
307,"Ana",56,"M",1467.12,"Finanzas","Divorciado",5,39.9,3,"No",6.8
308,"Luis",57,"F",2656.69,"RRHH","Divorciado",5,42.7,5,"No",3
309,"Pedro",49,"M",1530.8,"Marketing","Divorciado",35,40.5,3,"No",2.1
310,"Carlos",65,"M",3688.54,"RRHH","Soltero",36,40.1,1,"Sí",2.2
311,"María",32,"F",2547.63,"RRHH","Soltero",29,34.8,5,"No",8.9
312,"Pedro",43,"M",1885.87,"Ventas","Soltero",32,36.9,5,"No",8.6
313,"Ana",37,"M",2499.77,"TI","Viudo",21,38,5,"Sí",3.1
314,"Juan",52,"M",2590.81,"RRHH","Casado",8,36,1,"No",6.8
315,"María",48,"F",3029.56,"RRHH","Casado",39,43.8,2,"Sí",0.3
316,"Sofía",41,"F",3082.9,"RRHH","Viudo",1,48.8,4,NA,1.1
317,"Ana",34,"F",587.4,"Marketing","Divorciado",18,46.6,1,"No",4.5
318,"Sofía",24,"F",2986.71,"Finanzas","Divorciado",22,42.1,5,"Sí",8.1
319,"Carlos",30,"F",1562.65,"TI","Divorciado",38,39.4,4,"No",6.9
320,"Pedro",52,"F",2848.15,"Finanzas","Divorciado",6,42.9,4,"Sí",3.9
320,"Pedro",52,"F",2848.15,"Finanzas","Divorciado",6,42.9,4,"Sí",3.9
321,"Juan",30,"M",1724.15,"Marketing","Casado",8,36.1,5,"No",8
322,"Elena",31,"F",2391.4,"Ventas","Viudo",23,41.3,2,"Sí",7.2
323,"Pedro",21,"F",2600.17,"TI","Viudo",18,40.8,2,"No",0.5
324,"Juan",42,"M",3622.23,"Finanzas","Divorciado",21,28.3,3,"No",6.8
325,"María",46,"M",2200.93,"TI","Soltero",NA,NA,5,"Sí",3.5
325,"María",46,"M",2200.93,"TI","Soltero",NA,NA,5,"Sí",3.5
326,"Luis",33,"M",3688.2,"TI","Casado",8,33.3,5,"No",1.7
327,"Juan",58,"F",1788.57,"RRHH","Viudo",31,26.9,2,"Sí",8.9
328,"Sofía",65,"M",2291.17,"RRHH","Casado",35,40,3,"No",4.5
329,"Juan",26,"F",2164.05,"TI","Soltero",10,40.5,1,"Sí",8.1
330,"Ana",54,"M",NA,"Ventas","Casado",23,40,3,"Sí",4.9
331,"María",39,"M",2750.17,"Marketing","Viudo",35,40.7,2,"Sí",7.6
332,NA,63,"F",2747.89,"TI","Casado",21,34.1,1,"No",3.3
333,"Juan",61,"M",1353.87,"Marketing","Divorciado",10,43,3,"Sí",3.1
334,"Pedro",39,"M",2018.75,"TI","Casado",37,46.9,3,"Sí",0.2
335,"Pedro",41,NA,1657.08,"RRHH","Casado",NA,35.8,2,"No",2.3
336,"Juan",31,"F",3110.46,"Marketing","Casado",12,41.5,4,"Sí",3.1
337,"Elena",47,"M",2929.48,"Finanzas","Casado",0,38.6,2,"No",5.4
338,NA,62,"F",2747.56,"Ventas","Viudo",40,39.7,1,"No",6.9
339,"Juan",64,"M",3448.16,"Finanzas","Casado",18,44.9,4,"Sí",7
340,"Pedro",57,"M",2522.92,"RRHH","Viudo",8,41.4,2,"Sí",8.3
NA,"Pedro",62,"M",2661.61,"RRHH","Casado",19,49.7,5,"No",3.6
342,"Ana",48,"M",1951.37,"Ventas","Casado",32,38.3,1,"Sí",8.7
343,"Ana",56,"M",3559.61,NA,"Divorciado",40,47.4,3,"Sí",4.5
344,"Carlos",54,"F",2395.69,"Ventas","Casado",13,37.7,2,"Sí",7.6
345,"Sofía",25,"F",2206.37,"RRHH","Soltero",4,38.8,3,"No",8.2
346,"Carlos",64,"F",2257.9,"RRHH","Viudo",29,38.4,1,"No",4.2
347,"Pedro",31,"M",3614.57,"TI","Soltero",40,41.4,2,"Sí",7.7
348,"Juan",65,"F",1972.55,"Finanzas","Soltero",39,42.3,4,"Sí",3.6
349,"Elena",18,"F",2732.7,"Ventas","Divorciado",4,40.7,3,"No",4.3
350,"Juan",40,"M",2403.29,"TI","Viudo",29,43,2,"Sí",2.8
351,"Pedro",43,"M",2982.68,"TI","Soltero",22,36.1,3,"Sí",NA
352,"Pedro",63,"M",NA,"TI","Soltero",33,38.8,2,"No",8.3
353,"María",40,"M",1962.27,"TI","Divorciado",29,43.3,2,"Sí",7.9
354,"Carlos",48,"M",1301.94,"TI","Viudo",27,45.2,3,"Sí",2.7
355,"Pedro",38,"F",3422.97,"RRHH","Soltero",16,41.7,1,"No",5
356,"Elena",34,"F",3571.71,"Finanzas","Casado",39,43.5,2,"Sí",5.8
357,"Pedro",NA,"M",2175.2,"Marketing","Soltero",27,44.2,1,"No",4.1
358,"Carlos",24,"F",3313.77,"Marketing","Viudo",8,43,1,"No",8.2
359,"Carlos",62,"M",2813.06,"Ventas","Viudo",14,38.9,2,"Sí",7.4
359,"Carlos",62,"M",2813.06,"Ventas","Viudo",14,38.9,2,"Sí",7.4
360,"María",64,"M",2384.89,"Marketing","Soltero",5,39.2,5,"Sí",6.4
361,"Ana",29,"F",2863.83,"RRHH","Divorciado",4,43.1,5,"Sí",4.6
362,"Pedro",49,"M",2498.07,"RRHH","Viudo",28,37.7,5,"No",5.7
363,"Juan",63,"M",2841.13,"TI","Casado",31,39.3,1,"No",9.6
364,"Juan",36,"M",2633.38,"Finanzas","Viudo",32,39.5,2,"No",3.4
365,"Ana",36,"F",2721.42,"Marketing","Soltero",14,32.1,5,"Sí",1
NA,"Juan",42,"F",2419.95,"Ventas","Viudo",21,41.7,1,"No",1.2
367,"Ana",34,"F",2651.37,"Marketing","Viudo",1,42.9,3,"Sí",0.9
368,"Pedro",26,"F",3215.88,"Finanzas","Divorciado",4,39.7,2,"No",3.9
369,"Elena",62,"F",2880.18,"Marketing","Soltero",16,49,3,"No",0.9
370,"Juan",63,"F",2728.94,"TI","Viudo",19,39.1,3,"No",2
371,"Carlos",40,"M",2623.91,"Marketing","Casado",8,42.9,3,"No",9.7
372,"Luis",48,"F",2494.16,"Marketing","Soltero",0,42.7,5,"Sí",5.6
373,"Ana",55,"F",1759.77,"TI","Viudo",2,43.9,5,"Sí",3.1
374,"Ana",50,"M",2059.9,"TI","Viudo",10,42.1,3,"Sí",5.1
375,"Pedro",33,"M",2999.3,"Ventas","Divorciado",31,39,1,"Sí",6.3
376,"Carlos",25,"M",2604.43,"Marketing","Divorciado",10,42.8,4,"No",3.7
376,"Carlos",25,"M",2604.43,"Marketing","Divorciado",10,42.8,4,"No",3.7
377,"María",22,"F",2245.78,"Marketing","Divorciado",29,41.3,3,"Sí",0.9
378,"Juan",27,"M",2826.7,"TI","Casado",36,41.2,4,"Sí",7.2
379,"Pedro",58,"M",1995.03,"Ventas","Viudo",28,43.6,1,"Sí",2.5
380,"Ana",45,"M",2601.66,"TI","Viudo",39,43.9,1,"No",9.3
381,"Pedro",54,"M",2082.74,"Finanzas","Viudo",29,40,1,"Sí",6
382,"Sofía",63,"F",2187.37,"TI","Viudo",14,38.1,5,"No",5.2
383,"Ana",36,"M",2755.74,NA,"Viudo",20,46.6,1,"No",7.9
384,"Ana",50,"F",2200.33,"Marketing","Viudo",14,40.3,2,"No",7.1
385,"Sofía",33,"M",2453.06,"RRHH","Casado",17,38.1,3,"Sí",9.4
386,"María",23,"F",2656.31,"RRHH","Casado",33,35.3,5,"No",1.5
387,"Elena",25,"M",1936.4,"RRHH","Divorciado",38,41.3,4,"No",3.4
388,"Elena",42,"F",3689.45,"Finanzas","Viudo",28,41.9,NA,"Sí",4.6
389,"Elena",31,"F",3023.07,"TI",NA,6,34.3,4,"No",5.5
390,"Luis",48,"M",2648.91,"TI","Casado",20,33.3,1,"Sí",5.1
391,"María",63,"F",1606.26,"Marketing","Viudo",30,40.9,3,"No",8.1
392,"Luis",42,"M",3002.24,"Finanzas","Divorciado",8,35.9,5,"Sí",6.8
393,"Luis",25,"F",3122.11,"Marketing","Viudo",2,46.7,5,"Sí",1
394,"Luis",60,"F",2755.84,"Finanzas","Soltero",18,34.5,2,"No",6.5
395,"Pedro",41,"M",2737.39,"TI","Soltero",18,32.3,4,"No",4.4
395,"Pedro",41,"M",2737.39,"TI","Soltero",18,32.3,4,"No",4.4
396,NA,22,"M",2241.56,"Marketing","Casado",4,39.7,2,"Sí",5.7
397,"Luis",31,"F",1670.13,"Ventas","Soltero",22,42.3,3,"Sí",4.8
398,"Carlos",50,"M",2612,"Marketing","Viudo",3,40.8,4,"Sí",6.5
399,"Elena",18,"M",3403.62,"TI","Soltero",40,39.4,2,"Sí",9.9
400,"Ana",54,"F",2594.86,"RRHH","Soltero",20,41.9,5,"Sí",1.9
401,"Carlos",52,"M",1918.54,"Marketing","Divorciado",24,36.2,2,"No",4.2
401,"Carlos",52,"M",1918.54,"Marketing","Divorciado",24,36.2,2,"No",4.2
401,"Carlos",52,"M",1918.54,"Marketing","Divorciado",24,36.2,2,"No",4.2
402,"Carlos",21,"M",4008.81,"Finanzas","Soltero",30,41.1,5,"No",5.8
403,"Luis",52,"M",2307.14,"Marketing","Divorciado",4,35.8,4,"Sí",6
404,"Juan",63,"F",2781.37,"Ventas","Casado",3,36,1,"No",0.5
405,"Pedro",35,"F",2943.1,"Finanzas","Viudo",5,40.5,4,"No",7.8
406,"Carlos",27,"M",2321.77,"RRHH","Viudo",38,42.1,2,"Sí",8.2
407,"Sofía",29,"M",2624.55,"TI","Soltero",18,35.7,1,"No",2.1
408,"Carlos",65,"F",2315.41,"RRHH","Viudo",35,32.2,5,"No",7.5
409,"Sofía",20,"F",2520.82,"RRHH","Soltero",32,34.9,4,"Sí",6.5
410,"Juan",43,"M",3108.69,"Ventas","Divorciado",28,30,2,"No",4.8
411,"María",29,"M",2979.46,"RRHH","Casado",16,40.6,2,"No",5.2
412,"Ana",54,"M",2281.97,"TI","Viudo",22,42.9,4,"No",9.5
413,"Sofía",62,"F",3219.9,"Finanzas","Soltero",37,49,4,"Sí",1.3
414,"Ana",25,"F",2908.28,"Ventas","Soltero",1,35.5,2,"Sí",2.9
415,"María",34,"F",1621.01,"TI","Soltero",26,37.6,5,"No",4
416,"Juan",22,"F",2475.98,"RRHH","Soltero",7,39.5,1,"Sí",9
417,"María",36,"F",3247.22,"Ventas","Casado",0,41.2,3,"Sí",7.8
418,"Pedro",55,"M",927.24,"Marketing","Soltero",9,36,3,"No",7.6
419,"Pedro",49,"M",2233.44,"RRHH","Casado",3,44.6,3,"Sí",6.9
420,"Luis",19,"M",2976.04,"TI","Viudo",29,38.1,5,"No",9.9
421,"Carlos",34,"M",2734.63,"TI","Casado",38,44.9,5,"Sí",8.1
422,"Pedro",25,"M",2052.28,"Finanzas","Casado",23,31.9,NA,"No",9
422,"Pedro",25,"M",2052.28,"Finanzas","Casado",23,31.9,NA,"No",9
423,"Pedro",35,"F",2767.52,"TI","Soltero",32,39.2,3,"Sí",3.6
424,"Luis",43,"M",2124.54,"RRHH","Divorciado",23,41.7,3,"No",7.8
425,"Juan",47,"F",1976.11,"Finanzas","Viudo",29,37.5,2,"Sí",1.3
426,"Luis",36,"M",1399.74,"Ventas","Casado",40,37.6,4,"No",7.2
427,"María",22,"F",2925.41,"Ventas","Soltero",4,36.8,4,"No",7.7
428,"Ana",46,"F",2620.59,"Marketing","Casado",5,40.5,3,"No",7
429,"Pedro",46,"M",2634.6,"Finanzas","Divorciado",6,46.3,5,"No",0.3
430,"Juan",63,"F",3312.27,"RRHH","Casado",23,34.9,1,"Sí",8.1
431,"Carlos",29,"M",1911.23,"TI","Casado",12,39.5,3,"No",1.8
432,"María",18,"M",2227.47,"RRHH","Casado",34,37.6,2,"Sí",7.8
433,"Sofía",65,"M",2095.11,"RRHH","Soltero",12,47.1,5,"Sí",2.6
433,"Sofía",65,"M",2095.11,"RRHH","Soltero",12,47.1,5,"Sí",2.6
434,"Luis",47,"M",2440.74,"Ventas","Soltero",8,49.6,1,"No",8.9
435,"Sofía",24,"F",3621.84,"RRHH","Casado",2,42.5,1,"Sí",9.7
436,"Juan",22,"M",3052.65,"Finanzas","Divorciado",12,40.3,1,"Sí",4.4
437,"Ana",27,NA,2046.29,"RRHH","Casado",30,46.8,4,"No",8.6
438,"Carlos",53,"M",2805.03,"Marketing","Casado",21,37.7,5,"Sí",9.6
439,"Sofía",25,"M",1958.29,"Finanzas","Viudo",19,39.7,3,"No",4.2
440,"Luis",48,"F",2020.4,"Marketing","Divorciado",0,45.3,2,"No",4.9
441,"Luis",22,"F",2821.7,"RRHH","Soltero",20,40.5,1,"No",9.8
442,"Juan",56,"M",3029.8,"Marketing","Viudo",31,37.6,1,"Sí",1
443,"Ana",39,"F",2343.92,"Finanzas","Casado",7,40.9,5,"Sí",NA
444,"Elena",29,"M",1559.1,"Finanzas","Divorciado",27,37.8,4,"Sí",9
445,"Juan",62,"M",2775.87,"Finanzas","Divorciado",23,49.3,4,"No",3.6
446,"Sofía",27,"M",2689.83,"Ventas","Viudo",38,38.1,2,"No",0.8
447,"Ana",46,"F",2873.37,"TI","Casado",14,44.7,1,"Sí",0.1
448,"Elena",47,"M",1724.16,"TI","Casado",1,40,5,"No",5.2
449,"Ana",18,NA,3080.09,"Finanzas","Soltero",17,46.7,1,"No",1.7
450,"Elena",64,"F",2639.36,"Marketing","Divorciado",27,44.7,1,"Sí",2
451,"Ana",31,"F",1670.29,"RRHH","Viudo",29,36.8,4,"No",5.1
452,"Pedro",24,"F",2502.38,"Finanzas","Soltero",38,41.4,1,"No",9
453,"María",51,"F",2559.08,"Ventas","Divorciado",35,39.3,5,"No",3.2
454,"Sofía",27,"F",2992.72,"RRHH","Soltero",10,42.5,3,"No",7.5
455,"María",32,"M",1685.53,"Finanzas","Divorciado",25,39.8,2,"Sí",5.3
456,"Pedro",36,"M",2969.96,"Ventas","Soltero",31,42.4,1,"Sí",2.5
457,"María",35,"F",2506.36,"Finanzas","Viudo",11,39.4,5,"No",1.3
458,"Sofía",63,"M",2657.79,"Ventas","Viudo",15,44.8,1,"Sí",8.6
459,"Juan",39,"M",2117.69,"Ventas","Soltero",1,41.6,5,"Sí",6.7
460,"Elena",35,"M",2316.41,"TI","Casado",3,33.4,5,"No",5.9
461,"Elena",NA,"M",2374.22,"Ventas","Divorciado",27,39.9,4,"Sí",5.4
461,"Elena",NA,"M",2374.22,"Ventas","Divorciado",27,39.9,4,"Sí",5.4
462,"Carlos",60,"F",2159.4,"Ventas","Soltero",31,38.3,4,"No",7.6
463,"Ana",54,"M",2414.75,"RRHH","Divorciado",30,45.6,3,"No",6.5
464,"Juan",63,"F",2385.01,"RRHH","Divorciado",30,34.2,2,"Sí",8.2
465,"Carlos",35,"M",2210.14,"RRHH","Soltero",8,29.8,3,"No",4
466,"Ana",NA,"F",2565.89,"Finanzas","Divorciado",32,42.3,3,"Sí",3.1
467,"Elena",18,"M",3269.29,"Finanzas","Soltero",16,44.7,3,"No",7.7
468,"Luis",56,"F",2420.68,"TI","Divorciado",39,42.3,5,"Sí",6.1
469,"Ana",32,"M",1604.6,"Marketing","Casado",23,46.8,3,"Sí",7.9
470,"Carlos",23,"F",2266.67,"Ventas","Viudo",4,44.5,1,"Sí",0.1
470,"Carlos",23,"F",2266.67,"Ventas","Viudo",4,44.5,1,"Sí",0.1
471,"Luis",62,"F",2937.67,"Marketing","Viudo",16,35.3,5,"No",7.8
472,"Juan",50,"F",1827.7,"RRHH","Divorciado",34,44.7,2,"Sí",3.6
472,"Juan",50,"F",1827.7,"RRHH","Divorciado",34,44.7,2,"Sí",3.6
472,"Juan",50,"F",1827.7,"RRHH","Divorciado",34,44.7,2,"Sí",3.6
473,"María",55,"F",2031.55,"RRHH","Divorciado",23,37.1,2,"Sí",4.3
474,"Ana",57,"M",1606.34,"Ventas","Viudo",27,45.5,5,"Sí",8
475,"Luis",27,"M",2960.82,"Marketing","Casado",32,45,3,"Sí",4.6
476,"Pedro",51,"F",NA,"RRHH","Casado",11,39.8,2,"No",8.5
477,"Pedro",43,"F",3199.07,"Finanzas","Divorciado",15,45.3,2,"No",1.1
477,"Pedro",43,"F",3199.07,"Finanzas","Divorciado",15,45.3,2,"No",1.1
478,"Carlos",35,"F",3220.89,"Marketing","Divorciado",35,38.7,1,"Sí",7.2
479,"Sofía",22,"M",2602.44,"RRHH","Soltero",33,45.1,2,"Sí",4.6
480,"Luis",52,"F",2372.91,"Marketing","Viudo",17,28.5,2,"Sí",6
481,NA,23,"M",2413.35,"RRHH","Divorciado",15,34.7,2,"Sí",9
482,"Sofía",46,"M",2759.45,"RRHH","Casado",11,40.7,3,"No",7.7
483,"Ana",60,"M",3025.77,"Finanzas","Divorciado",6,37.4,3,"Sí",5.7
483,"Ana",60,"M",3025.77,"Finanzas","Divorciado",6,37.4,3,"Sí",5.7
484,"Elena",26,"M",2455.69,"RRHH","Soltero",14,26.7,5,"No",1.8
485,"Pedro",39,"M",3280.81,"Ventas","Casado",10,35.8,3,"Sí",7.4
486,NA,37,"F",2983.45,"Finanzas","Viudo",NA,48.1,2,"Sí",2.5
487,"Ana",64,"M",2474.97,"RRHH","Casado",10,34,1,"Sí",5.1
488,"Juan",47,"M",1713.87,"Marketing","Soltero",27,40.8,2,"No",1.8
489,"Elena",56,"F",2338.77,"TI","Casado",4,37.5,3,"Sí",3.8
490,"María",58,"F",1779.65,"TI","Divorciado",31,40.1,1,"No",6.4
491,"Juan",31,"M",2812.93,"Marketing","Casado",16,39.1,1,"Sí",5.6
491,"Juan",31,"M",2812.93,"Marketing","Casado",16,39.1,1,"Sí",5.6
492,"María",46,"M",2798.99,"TI","Casado",35,39.3,4,"No",5.3
493,"Pedro",28,"F",2640.91,"Ventas","Casado",9,39.4,3,"No",4.8
494,"María",37,"F",2653.39,"TI","Divorciado",21,29.1,3,"Sí",6.5
495,"Ana",34,"F",2509.36,"Marketing","Casado",13,40,5,"No",1.7
496,"Ana",61,"M",2319.31,"Finanzas","Viudo",3,40.6,5,"Sí",6.5
497,"María",41,"F",2061.08,"Marketing","Viudo",20,42.1,4,"No",4.5
498,"Carlos",61,"M",1350.83,"RRHH","Divorciado",17,46.8,2,"No",8.8
499,"Luis",42,"M",2511.74,"Ventas","Casado",36,40.2,2,"No",1.4
500,"Pedro",30,"M",2526.39,"TI","Casado",20,41.4,1,"No",9.6
501,"Sofía",29,"M",4425.88,"Ventas","Casado",32,32.9,2,"No",0.2
502,"Elena",23,"F",3334.54,"TI","Soltero",10,40.5,1,"No",1
503,"Elena",20,"F",2815.76,"TI","Divorciado",22,32.2,5,"No",8.7
504,"Ana",45,"M",2092.02,"Finanzas","Divorciado",15,50,3,"No",6.7
505,"Carlos",61,"M",1852.56,"Finanzas","Divorciado",24,38.2,3,"Sí",9.2
505,"Carlos",61,"M",1852.56,"Finanzas","Divorciado",24,38.2,3,"Sí",9.2
506,"Luis",61,"F",2850.02,"Marketing","Soltero",6,41.8,1,"Sí",2.7
506,"Luis",61,"F",2850.02,"Marketing","Soltero",6,41.8,1,"Sí",2.7
506,"Luis",61,"F",2850.02,"Marketing","Soltero",6,41.8,1,"Sí",2.7
507,"Luis",28,"F",2002.52,"Ventas","Divorciado",19,42.2,2,"No",9.4
508,"Luis",36,"M",2926.18,"Ventas","Divorciado",27,33.5,5,"No",9.2
509,"Sofía",28,"M",2666.77,"TI","Divorciado",27,42.3,1,"Sí",1.7
510,"Juan",53,"F",2160.58,"Ventas","Soltero",35,34.6,5,"Sí",7.6
511,"Elena",39,"M",2293.05,"Finanzas","Casado",5,42.3,1,"No",6.2
512,"Juan",28,"M",2590.3,"Marketing","Soltero",22,36.9,4,"Sí",8.8
513,"Elena",44,"F",2232.98,"Finanzas","Viudo",28,36.6,2,"Sí",4.1
514,"Luis",19,"M",2527.84,"Finanzas","Divorciado",33,42.1,2,"No",1.1
515,"María",56,"M",2250.76,"Ventas","Casado",17,41.8,3,"Sí",5
516,"Elena",23,"M",3235.33,"Ventas","Viudo",8,38.8,3,"No",5.3
517,"María",56,"M",2612.52,"Ventas","Viudo",3,36.3,2,"No",4.2
518,"Pedro",53,"M",2358.73,"TI","Soltero",9,41,4,"No",9.5
519,"Ana",65,"F",2327.79,"TI","Viudo",1,39.8,3,"Sí",8.7
519,"Ana",65,"F",2327.79,"TI","Viudo",1,39.8,3,"Sí",8.7
520,"Ana",45,"M",2036.61,"Finanzas","Divorciado",13,44.8,3,"No",1.9
521,"Elena",46,"F",3243.83,"Finanzas","Casado",40,36.8,5,"Sí",7.2
522,"María",21,"F",2351.44,"TI","Divorciado",28,39.4,3,"Sí",1.6
522,"María",21,"F",2351.44,"TI","Divorciado",28,39.4,3,"Sí",1.6
523,"Carlos",58,"F",2597.94,"Ventas","Casado",14,51.4,3,"Sí",2.5
524,"Ana",NA,"M",2693.15,"Marketing","Viudo",29,33.6,1,"No",4.4
525,"Juan",65,"F",2224.86,"TI","Divorciado",0,41.6,2,"Sí",9.5
526,"María",48,"M",2426.66,"Finanzas","Casado",21,42.1,1,"No",2.5
527,"Luis",60,"F",3708.59,"RRHH","Divorciado",24,37.8,5,"No",2
528,"Juan",65,"F",2259.14,"Ventas","Soltero",1,36.5,2,"No",8
528,"Juan",65,"F",2259.14,"Ventas","Soltero",1,36.5,2,"No",8
529,"Pedro",26,"M",2290.62,"Ventas","Viudo",38,32.7,2,"No",1.1
530,"Luis",36,"M",3139.4,"Marketing","Divorciado",10,32.9,4,"Sí",3.4
531,"María",45,"M",1828.39,"Finanzas","Viudo",32,38.7,5,"Sí",0.8
532,"Elena",32,"F",2538.73,"Ventas","Divorciado",40,46.3,1,"No",4.2
533,"Ana",28,"F",3008.14,"Marketing","Casado",32,40.3,1,"No",6.2
533,"Ana",28,"F",3008.14,"Marketing","Casado",32,40.3,1,"No",6.2
533,"Ana",28,"F",3008.14,"Marketing","Casado",32,40.3,1,"No",6.2
534,"Pedro",46,"M",2735.72,"TI","Casado",0,47.7,5,"No",0.9
535,"Pedro",34,"M",2922.51,"RRHH","Divorciado",40,37,3,"No",3
536,"Ana",58,"F",2181.06,"Finanzas","Soltero",39,42.9,4,"Sí",6.4
537,"Sofía",42,"F",2950.39,"Ventas","Divorciado",5,40.6,5,"Sí",2.8
538,"Ana",64,"M",2982.66,"Ventas","Soltero",16,41.8,3,"No",7.5
539,"Ana",29,"M",1467.84,"Finanzas","Casado",36,41,1,"Sí",0.3
540,"Juan",36,"F",2834.2,"Finanzas","Divorciado",19,43.9,2,"No",1
540,"Juan",36,"F",2834.2,"Finanzas","Divorciado",19,43.9,2,"No",1
541,"Luis",24,"F",2326.94,"Ventas","Viudo",21,40,1,"No",2.1
542,"Carlos",28,"F",2320.24,"Finanzas","Soltero",37,44.8,4,"Sí",9.3
543,"Sofía",32,"M",2548.52,"Finanzas","Soltero",28,42.5,1,"Sí",4.6
544,"Elena",26,"F",2377.74,NA,"Casado",30,40,5,"Sí",1.8
545,"María",63,"F",2756.14,"TI","Viudo",14,39.4,5,"No",0.6
546,"Luis",41,"M",3312.69,"Ventas","Viudo",30,33.6,2,"No",6.8
547,"Luis",36,NA,2674.7,"TI","Casado",18,36.8,2,"Sí",1
548,"Elena",28,"M",1798.53,"Marketing","Divorciado",33,38.7,2,"Sí",5.7
549,"Elena",50,"M",2951.98,"Finanzas","Divorciado",17,44.7,4,"No",0.9
550,"Luis",26,"M",2590.51,"TI","Divorciado",22,44,5,"Sí",1.9
551,"Sofía",58,"F",3793.94,"Finanzas","Divorciado",26,36,NA,"Sí",6.7
551,"Sofía",58,"F",3793.94,"Finanzas","Divorciado",26,36,NA,"Sí",6.7
552,"Carlos",40,NA,2026.89,"TI","Divorciado",15,37.6,1,"No",2.9
553,"María",34,"M",2548.89,"TI","Casado",3,48.7,2,"Sí",7.6
554,"Elena",27,"M",2760.31,"TI","Divorciado",24,32.9,2,"Sí",8.3
555,"María",25,"M",2796.27,"Ventas","Soltero",18,40.9,5,"No",0.9
556,"Luis",NA,NA,2250.19,"Marketing","Soltero",5,41.4,4,"Sí",4.7
557,"Sofía",41,"F",2088.49,"Finanzas","Casado",32,37.5,3,"Sí",7.2
558,"Elena",55,"F",3137.57,"RRHH","Casado",38,33.1,1,"Sí",4.4
559,"Sofía",42,"F",1967.85,"RRHH","Divorciado",10,38,5,"Sí",1.2
560,"María",24,"M",2553.79,"Marketing","Viudo",16,53.4,4,"Sí",8.2
561,"Carlos",56,"F",2766.74,"Marketing","Divorciado",9,39.5,1,"Sí",8.3
561,"Carlos",56,"F",2766.74,"Marketing","Divorciado",9,39.5,1,"Sí",8.3
562,"Ana",29,"M",2855.1,"TI","Soltero",39,38.9,2,"No",6.5
563,"Elena",58,"M",3573.34,"Ventas","Divorciado",17,40.9,1,"No",3.6
563,"Elena",58,"M",3573.34,"Ventas","Divorciado",17,40.9,1,"No",3.6
564,"Luis",33,"F",1545.18,"Ventas","Soltero",31,34.2,5,"No",4.1
564,"Luis",33,"F",1545.18,"Ventas","Soltero",31,34.2,5,"No",4.1
565,"Elena",20,"M",2329.8,"Marketing","Divorciado",19,43.8,4,"No",7.8
565,"Elena",20,"M",2329.8,"Marketing","Divorciado",19,43.8,4,"No",7.8
566,"Sofía",48,"M",1466.81,"TI","Divorciado",0,43.6,2,"No",5.8
567,"Elena",52,"F",1997.85,"Finanzas","Casado",15,38.3,4,"Sí",7.4
567,"Elena",52,"F",1997.85,"Finanzas","Casado",15,38.3,4,"Sí",7.4
568,"María",38,"M",2782.28,"TI","Casado",21,40.3,3,"No",0.9
569,"Ana",63,"M",1529.6,"RRHH","Soltero",31,37.5,2,"Sí",5.4
570,"Juan",51,"F",2894.48,"Marketing","Casado",18,43.4,3,"Sí",6
571,"Sofía",45,"M",1934.76,"Ventas","Casado",23,31.7,5,"No",2.2
572,"Luis",53,"F",2786.69,"Marketing","Divorciado",4,38.9,2,"Sí",9.9
573,"María",43,"M",2032.53,"Ventas","Divorciado",28,43.1,3,"No",9.5
574,"Juan",18,"M",2295,"Ventas","Viudo",18,48.4,3,"Sí",4.1
574,"Juan",18,"M",2295,"Ventas","Viudo",18,48.4,3,"Sí",4.1
575,"Juan",43,"F",2578.46,"TI","Viudo",34,35.5,2,"Sí",8.7
576,"María",38,"F",2211.18,"Ventas","Casado",36,34.4,3,"No",2.9
577,"Carlos",59,"M",2768,"TI","Viudo",14,39.5,3,"Sí",8.1
578,"María",38,"F",2784.29,"RRHH","Divorciado",8,39.7,2,"Sí",9.2
579,"Sofía",55,"M",2383.93,"TI","Soltero",38,43.8,NA,"Sí",6.8
580,"Pedro",52,"F",1515.38,"RRHH","Casado",20,39.4,2,"Sí",8
581,"Juan",47,"F",2609.38,"TI","Casado",28,37.1,3,"No",0.7
582,"Elena",29,"M",1649.07,"Ventas","Viudo",5,49.4,1,"Sí",9.2
583,"Carlos",NA,"M",3063.53,"Finanzas","Divorciado",0,38.4,1,"Sí",0.1
584,"Carlos",61,"M",2639.23,"TI","Soltero",25,44.4,2,"Sí",7.2
585,"María",30,"F",2915.27,"Marketing","Viudo",18,43.7,2,"Sí",1.6
586,"Carlos",50,"M",2762.69,"TI","Divorciado",9,37.8,3,"No",6.6
587,"Pedro",41,"M",2497.04,"RRHH","Divorciado",14,48.3,4,"No",6.5
588,"Sofía",26,"F",2397.98,NA,"Soltero",13,34.2,2,"No",7.5
589,"Sofía",48,"M",2238.6,"TI","Soltero",29,35.3,3,"Sí",4.2
590,"Carlos",49,"F",2201.95,"Marketing","Soltero",12,45.8,1,"Sí",2
591,"Carlos",19,"M",2122.62,"TI","Soltero",38,32.2,2,"Sí",0.6
592,"Elena",48,"M",3204.64,"RRHH","Viudo",40,43.2,3,"Sí",6.1
593,"Luis",44,"M",2180.64,"TI","Casado",30,41,1,"No",2
594,"Elena",52,"F",2579.97,"Marketing","Divorciado",14,43.7,1,"Sí",6.7
595,"Carlos",50,"F",2721.06,"RRHH","Viudo",34,43.9,5,"No",8.5
596,"Ana",40,"F",1377.57,"Marketing","Divorciado",35,36.7,2,"Sí",9.7
596,"Ana",40,"F",1377.57,"Marketing","Divorciado",35,36.7,2,"Sí",9.7
597,"Pedro",54,"F",2089.04,"Ventas","Soltero",13,36.6,3,"Sí",0.7
598,"Carlos",27,"F",2001.75,"Ventas","Soltero",30,44.1,5,"No",8
598,"Carlos",27,"F",2001.75,"Ventas","Soltero",30,44.1,5,"No",8
598,"Carlos",27,"F",2001.75,"Ventas","Soltero",30,44.1,5,"No",8
598,"Carlos",27,"F",2001.75,"Ventas","Soltero",30,44.1,5,"No",8
599,"María",60,"M",2645.86,"Finanzas","Soltero",11,44.4,4,"No",2
600,"Elena",36,"F",2381.41,"Marketing","Divorciado",19,34.4,4,"Sí",9.5
601,"María",33,"M",2376.57,"Finanzas","Divorciado",17,33.8,3,"No",2.3
602,"Sofía",64,"F",2658.85,"TI","Viudo",12,34.6,3,"Sí",5.2
602,"Sofía",64,"F",2658.85,"TI","Viudo",12,34.6,3,"Sí",5.2
603,"Elena",56,"M",2296.47,"Marketing","Viudo",31,39.9,4,"No",4.6
604,"Juan",49,"M",2295.84,"Finanzas","Casado",10,39.9,1,"Sí",2
605,"Luis",65,"M",2823.54,"TI","Viudo",11,51.6,5,"No",0.7
606,"Luis",36,"F",1703.43,"TI","Divorciado",11,42.7,2,"No",2.1
607,"Luis",21,"M",2696.86,"Ventas","Viudo",19,39.2,3,"No",8.3
608,"Sofía",52,"F",2049.46,"Finanzas","Divorciado",NA,37.4,3,"Sí",1
609,"Pedro",51,"M",1934.19,"Ventas","Viudo",27,37.3,4,"Sí",9.8
609,"Pedro",51,"M",1934.19,"Ventas","Viudo",27,37.3,4,"Sí",9.8
610,"Ana",46,"M",2502.51,"Ventas","Casado",14,36.9,1,"Sí",0.4
610,"Ana",46,"M",2502.51,"Ventas","Casado",14,36.9,1,"Sí",0.4
611,"Carlos",30,"F",3069.9,"Ventas","Casado",3,34.5,2,"Sí",6.4
612,"Pedro",53,"F",2852.67,"RRHH","Viudo",5,40.9,1,"No",3.5
613,"Ana",37,"M",1995.84,"Ventas","Viudo",15,24.1,5,"No",4.9
614,"Juan",55,"M",3103.69,"Ventas","Divorciado",15,34.2,1,"Sí",3.2
615,"Sofía",20,"M",NA,"TI","Divorciado",2,45,1,"Sí",9.9
616,"Sofía",42,"M",2772.55,"Marketing","Divorciado",16,40.7,1,"Sí",9.2
616,"Sofía",42,"M",2772.55,"Marketing","Divorciado",16,40.7,1,"Sí",9.2
617,"María",38,"M",3189.24,"TI","Soltero",0,42.8,3,"Sí",4.1
618,"Carlos",57,"F",2418.16,"RRHH","Casado",38,37.1,3,"Sí",0.5
619,"Sofía",22,"F",1997.43,"RRHH","Soltero",39,47,4,"Sí",2.4
620,"Sofía",22,"M",NA,"Marketing","Viudo",16,38.5,1,"No",5.6
621,"Sofía",36,"F",2308.6,"Marketing","Soltero",20,42.9,2,"Sí",5.6
622,"Ana",61,"F",1507.82,"TI","Viudo",37,40.1,5,"Sí",3.3
623,"Ana",47,"F",2696.24,"Marketing","Casado",16,42.4,3,"No",8.1
624,"Elena",24,"F",2559.52,"Finanzas","Soltero",16,37.8,5,"No",7.4
625,"Elena",63,"M",2129.76,"Finanzas","Divorciado",13,46.2,2,"No",8
626,"Luis",34,"M",2879.68,"RRHH","Casado",25,37.4,2,"No",7.8
627,"Pedro",46,"M",1785.2,"Marketing","Divorciado",30,54.3,NA,"Sí",4.5
628,"Juan",51,"F",2078.2,"Ventas","Divorciado",20,39.2,2,"Sí",2
629,"Carlos",34,"F",2654.97,"RRHH","Soltero",4,40.6,5,"Sí",7.6
630,"Luis",28,"M",1978.96,"TI","Viudo",5,36.9,1,"No",4.3
631,"Carlos",31,"F",2405.9,"Finanzas","Viudo",10,43.7,2,"No",2.3
632,"Elena",57,"M",1710.87,"Finanzas","Divorciado",10,NA,3,"No",4.1
633,"Luis",50,"M",3095.06,"Ventas","Casado",18,43.2,4,"Sí",7.4
634,"Ana",51,"M",3390.09,"TI","Casado",18,43.6,NA,"No",1.5
635,"Pedro",27,"F",3027.52,"Ventas","Soltero",13,36.2,1,"Sí",2.6
636,"Juan",51,"F",3221.88,"TI","Viudo",2,44.1,5,"Sí",NA
637,"Carlos",55,"F",2204.18,"RRHH","Viudo",16,34.1,1,"Sí",7.4
638,"Sofía",30,NA,3207.1,NA,"Viudo",36,40.8,5,"Sí",3.6
639,"Elena",29,"F",2723.42,"Ventas","Casado",10,44.6,5,"No",5
640,NA,52,"M",1895.56,"Marketing","Casado",0,32,5,"Sí",2.6
641,NA,57,"M",2338.2,"RRHH","Casado",11,37.8,2,"No",2.2
642,"Elena",50,"F",3324.3,"Ventas","Casado",14,38,2,"Sí",1.5
643,"Carlos",63,"M",2685.42,"TI",NA,16,29.7,3,"Sí",5.4
644,"María",60,"F",2540.61,"Ventas","Viudo",6,39,3,"Sí",5.2
645,"Elena",28,"F",3033.91,"Finanzas","Soltero",27,47,1,"Sí",0.5
646,"Juan",25,"M",1842.91,"RRHH","Casado",24,33,2,"No",5.3
647,"Luis",34,"F",2987.5,"TI","Soltero",7,34.5,5,NA,4.9
648,"María",21,"M",2069.7,"Marketing","Soltero",10,38,5,"No",2.6
649,"Carlos",29,"M",1607.6,"TI","Casado",29,39.7,2,"No",3.3
650,"María",64,"F",2614.75,"Finanzas","Viudo",3,40.5,5,"No",9.5
651,"Juan",31,"M",3132.44,"Marketing","Viudo",33,40.9,5,"No",3.3
652,"Pedro",44,"F",2142.95,"Finanzas","Soltero",24,38.6,1,"No",1.2
653,"Luis",28,"M",NA,"Marketing","Casado",7,51.8,3,"Sí",2.6
654,"Carlos",46,"F",2813.42,"Finanzas","Viudo",23,37.8,5,"No",4.2
655,"María",55,"M",2060.71,"Marketing","Soltero",6,33.3,3,"Sí",8.8
656,"Ana",61,"F",2226.03,"Marketing","Viudo",32,32.2,2,"No",2.3
657,"Sofía",36,"M",2805.12,"TI","Viudo",34,39,4,"No",1
658,"Elena",38,"F",2840.02,"TI","Casado",7,37.3,1,"Sí",8
659,"Carlos",23,"M",2341.22,"TI","Divorciado",2,45.2,5,"Sí",3
660,"Sofía",22,"F",3126.31,"TI","Divorciado",21,39.1,1,"No",8.7
661,"Carlos",41,"M",2300.3,"TI","Divorciado",30,40.4,4,"No",0.9
662,"Luis",33,"M",2906.38,"Finanzas","Soltero",13,31.9,1,"Sí",0.1
663,"Ana",26,"M",2540.2,"Finanzas","Viudo",13,38.8,5,"Sí",2.8
664,"Luis",60,"F",3108.87,"TI","Viudo",38,38.6,1,"No",2.8
665,"Luis",54,"M",2976.64,"Finanzas","Viudo",28,33,1,"No",1.6
666,"Juan",31,"F",2572.03,"Marketing","Viudo",3,35.4,1,"Sí",0.3
667,"Carlos",22,"M",2358.33,"TI","Divorciado",32,35.6,5,"Sí",2.2
668,"Pedro",60,"F",3022.75,"Marketing","Viudo",36,44.1,5,"Sí",9.7
669,NA,47,"F",2395.19,"Finanzas","Divorciado",13,42.8,4,"No",2.6
670,"María",62,"F",2798.64,"Marketing","Divorciado",0,43.5,4,"Sí",5.6
671,"María",21,"M",1709.22,"Ventas","Divorciado",34,47,3,"Sí",2.3
672,"Pedro",21,"M",2695.75,"TI","Casado",28,38.4,3,"Sí",6.7
673,"Carlos",60,"M",2051.95,"Finanzas","Viudo",20,45.9,2,"Sí",7.5
674,"Luis",49,"F",2904.6,"RRHH","Casado",20,38.7,1,"Sí",5.1
674,"Luis",49,"F",2904.6,"RRHH","Casado",20,38.7,1,"Sí",5.1
675,"Ana",45,"M",3349.46,"TI","Viudo",23,45.8,4,"No",2.5
676,"Elena",38,"F",1727,"Marketing","Soltero",17,33.7,2,"No",0.6
677,"María",23,"M",3011.28,"Ventas","Divorciado",36,37,3,"Sí",2.2
678,"Sofía",59,"M",2374.98,"Ventas","Divorciado",7,44.6,5,"Sí",0.6
679,"Pedro",37,"F",1851.7,"Finanzas","Viudo",28,48.3,2,"No",5.3
680,"Ana",34,"M",2567.55,"TI","Casado",38,39.8,5,"Sí",8.1
681,"Carlos",28,"M",2810.93,"RRHH","Soltero",10,38.3,4,"Sí",5.6
681,"Carlos",28,"M",2810.93,"RRHH","Soltero",10,38.3,4,"Sí",5.6
682,"Luis",57,"M",1993.44,"TI","Divorciado",1,43.1,2,"No",6.4
683,"Luis",38,"F",2418.41,"TI","Soltero",36,39.4,1,"Sí",4.2
684,"Sofía",54,"M",2983.32,"TI","Viudo",13,40.1,4,"No",2.3
685,"Juan",49,"F",2673.74,"Ventas","Casado",13,41.3,1,"No",3
686,"Sofía",36,"F",2583.19,"RRHH","Soltero",11,45.4,5,"No",0.8
687,"Elena",60,"F",1876.09,"Ventas","Viudo",3,34.7,4,"No",7.9
687,"Elena",60,"F",1876.09,"Ventas","Viudo",3,34.7,4,"No",7.9
688,"Luis",18,"F",2007.59,"Finanzas","Divorciado",7,37.8,3,"Sí",7.6
689,NA,51,"M",2720.61,"Marketing","Casado",28,43,1,"No",1.7
690,"Luis",29,"M",2188.86,"Ventas","Viudo",38,29.3,5,"Sí",1.8
691,"Elena",31,"M",1349.44,"Finanzas","Divorciado",18,46.5,2,"No",9.2
692,"Luis",20,"F",2767.69,"Ventas","Divorciado",25,36.8,2,"Sí",3.8
693,"Juan",65,"M",3476.95,"Finanzas","Divorciado",11,34.8,2,"Sí",5.4
694,"Sofía",37,"F",3115.94,"RRHH","Soltero",15,40.8,3,"No",7.8
695,"Ana",43,"F",2298.41,"RRHH","Divorciado",5,51.2,3,"No",4.7
696,"Ana",21,"M",1883.11,"TI","Soltero",32,36.6,5,"Sí",1.9
697,"Elena",21,"M",2340.51,"Ventas","Divorciado",4,32.5,4,"No",1.5
698,"Elena",43,"F",2714.36,"TI","Divorciado",23,39.3,1,"Sí",0.9
699,"Ana",18,"F",2455.32,"RRHH","Soltero",9,45.9,1,"No",7.9
700,"María",42,"F",2566.4,"Marketing","Viudo",23,38.6,4,"Sí",9.7
701,"Sofía",34,"M",2929.78,"TI","Viudo",34,43,3,"Sí",0.6
702,"Juan",38,"F",2081.73,"Ventas","Soltero",18,45.8,5,"Sí",3
703,"Pedro",53,"F",2643.51,"Marketing","Divorciado",36,31.4,2,"No",3
704,"Carlos",34,"M",2758.32,"TI","Soltero",6,43,4,"No",9.6
705,"Elena",56,"F",3324.35,"Marketing","Divorciado",27,37.4,3,"No",6.1
706,"Pedro",22,"M",1036.69,"Finanzas","Soltero",6,39.7,2,"No",3.2
707,"Luis",46,"M",2299.49,"Marketing","Soltero",13,51.2,5,"No",0.6
708,"Carlos",26,"M",1133.24,"Finanzas","Divorciado",32,41.3,1,"No",6.7
709,"Sofía",48,"F",2272.26,"Finanzas","Viudo",19,44.1,5,"Sí",2.7
709,"Sofía",48,"F",2272.26,"Finanzas","Viudo",19,44.1,5,"Sí",2.7
710,"Elena",23,"F",2967.92,"Finanzas","Divorciado",0,35.1,2,"No",7
711,"Luis",58,"M",2329.59,"Finanzas","Casado",36,42.2,1,"No",8.8
712,"Sofía",48,"M",2349.41,"Marketing","Soltero",7,39.4,1,"No",1.2
712,"Sofía",48,"M",2349.41,"Marketing","Soltero",7,39.4,1,"No",1.2
713,"Pedro",52,"M",2872.42,"RRHH","Viudo",15,38.8,5,"No",9.2
714,"Elena",26,"F",2148.39,"TI","Casado",18,42.8,3,"No",2.3
715,"Juan",52,"F",3108.37,"Ventas","Divorciado",31,32.5,5,"No",2
716,"María",55,"F",3159.69,"Marketing","Soltero",25,47,1,"No",9.7
717,"Elena",35,"F",2569.41,"Ventas","Viudo",27,51.4,2,"Sí",9.2
718,"Ana",34,"M",2718.16,"Ventas","Soltero",4,37.8,3,"Sí",4.9
719,"Pedro",30,"F",3506.43,"RRHH","Divorciado",19,42.6,5,"No",2.5
720,"Carlos",NA,"F",2813.05,"TI","Divorciado",17,50.3,1,"Sí",8.6
721,NA,64,"M",2445.54,"Finanzas","Casado",33,35.6,5,"Sí",9.3
722,"Elena",46,"M",2751.25,"Marketing","Viudo",33,40.2,5,"No",0.5
723,"Elena",59,"F",2747.64,"Ventas","Casado",23,51.5,3,"Sí",3.2
724,"María",33,"M",1682.13,"TI","Divorciado",17,35.4,1,"No",8.2
725,"Sofía",50,"M",2832,"RRHH","Divorciado",26,44.8,5,"Sí",1.2
726,"Carlos",55,"M",3073.9,"Marketing","Casado",30,42.4,1,"No",3.8
727,"Pedro",32,"M",3093.93,"Ventas","Divorciado",36,38.2,1,"Sí",NA
728,NA,44,"M",2561.05,"Marketing","Viudo",2,41.8,4,"Sí",4.3
729,"Juan",39,"M",2600.29,"Finanzas","Soltero",28,38.3,3,"Sí",3.1
730,"Ana",25,"M",2460.85,"TI","Soltero",NA,43.8,2,"No",3
731,"Luis",18,"M",2570.76,"TI","Divorciado",21,37.5,2,"Sí",5.6
732,"Juan",23,"F",2816.36,"RRHH","Casado",18,31.2,3,"No",4.7
733,"Juan",39,"F",1821.26,"Finanzas","Divorciado",24,44.1,2,"No",8.4
734,"Luis",23,"M",3472.88,"Ventas","Casado",39,45.7,1,"No",5.8
735,"Carlos",22,"M",2681.9,"Marketing","Divorciado",16,40.6,5,"No",6.9
736,"Ana",43,"M",2642.64,"Marketing","Casado",6,35.8,4,"No",0.4
737,"María",26,"F",2888.63,"Ventas","Soltero",24,37.6,3,"Sí",4.3
738,"Pedro",48,"F",1696.44,"Ventas","Viudo",25,33.4,5,"Sí",2.1
739,"Elena",59,"F",2406.74,"Marketing","Soltero",14,33.1,3,"No",2
740,"Carlos",20,"M",2828.96,"Finanzas","Viudo",12,45.7,3,"Sí",6.7
741,"Carlos",58,"M",2453.38,"Marketing","Divorciado",3,29.7,1,"Sí",0.2
742,"Luis",49,"M",2441.56,"Finanzas","Viudo",17,42.8,2,"No",4.5
743,"María",40,"F",2175.61,"RRHH","Soltero",25,38.1,1,"Sí",7.4
744,"Pedro",35,"M",2883.95,"Marketing","Viudo",0,33.4,2,"Sí",5.4
745,"Luis",39,"M",2250.03,NA,"Casado",37,38.8,5,"No",4.2
746,"Carlos",40,"F",2474.79,"RRHH","Soltero",9,39.1,1,"No",3.8
747,"Juan",42,"F",2522.22,"Ventas","Casado",33,46,5,"No",3.9
748,NA,55,"M",1407.69,"TI","Divorciado",40,52,4,"Sí",8.9
749,"Pedro",47,"F",2600.45,"TI","Viudo",38,49.1,5,"No",5.4
749,"Pedro",47,"F",2600.45,"TI","Viudo",38,49.1,5,"No",5.4
750,"Ana",55,"M",2416.34,"Ventas","Divorciado",24,48.1,4,"Sí",5
750,"Ana",55,"M",2416.34,"Ventas","Divorciado",24,48.1,4,"Sí",5
751,"María",57,"F",2384.72,"Ventas","Viudo",25,48.1,3,"Sí",7
752,"Ana",21,"M",1912.87,"Marketing","Casado",26,44.6,3,"Sí",4.7
753,"Juan",34,"M",2201.96,"RRHH","Casado",37,37.7,5,"No",8.3
754,"Carlos",23,"M",1455.36,NA,"Casado",8,40.9,3,"Sí",7.5
755,"Pedro",43,"M",2433.59,"Ventas","Soltero",27,32.3,3,"Sí",3.7
756,"Sofía",56,"F",1872.92,"Marketing","Viudo",29,36.1,5,"Sí",9.9
757,"Ana",49,"F",2051.06,"RRHH","Soltero",31,35.6,4,"Sí",2.7
758,"Pedro",44,"M",3272.47,"Marketing","Divorciado",36,34.5,2,"Sí",7.1
759,"Sofía",56,"M",2925.26,"Finanzas","Divorciado",14,47.1,5,"No",5.4
760,"Juan",28,"F",1886.36,"RRHH","Soltero",7,42.5,3,"No",8.8
761,"Elena",38,"M",2414.75,"RRHH","Divorciado",20,41.3,1,"Sí",3.3
761,"Elena",38,"M",2414.75,"RRHH","Divorciado",20,41.3,1,"Sí",3.3
762,"Juan",50,"M",2932.15,"Marketing","Divorciado",12,39.9,5,"Sí",2
763,"Elena",25,"M",2548.56,"Ventas","Soltero",31,44.9,1,"No",8.2
764,"Sofía",34,"M",1784.33,"Ventas","Viudo",14,44.4,1,"Sí",5.3
765,"Ana",47,"M",2572.73,"Finanzas","Divorciado",3,35.5,1,"Sí",7.6
766,"Elena",31,"F",2183.07,"Ventas","Casado",32,30,3,"Sí",3.1
767,"Sofía",41,"F",1988.14,"Ventas","Soltero",4,34.1,2,"Sí",2.7
768,"María",24,"M",1716.47,"Marketing","Casado",39,37.5,2,"No",8.1
769,"Ana",20,"F",2815.53,NA,"Divorciado",37,40,3,"No",9.4
770,"Elena",50,"F",2769.74,"Ventas","Casado",17,47.5,5,"Sí",5.6
771,"Carlos",41,"M",2605.76,"Finanzas","Soltero",14,43.2,2,"Sí",8
772,"Juan",32,"F",2042.36,"RRHH","Soltero",38,NA,3,"No",7.4
773,"Elena",44,"M",2631.65,"TI","Soltero",19,44.1,1,"No",5.3
774,"Juan",41,"M",2674.01,"Ventas","Viudo",14,39.3,5,"No",10
775,"Juan",40,"F",2532.4,"Ventas","Viudo",25,34.6,5,"No",4.7
775,"Juan",40,"F",2532.4,"Ventas","Viudo",25,34.6,5,"No",4.7
776,"María",63,"F",2826.38,"Finanzas","Soltero",0,35.5,1,"Sí",2.6
777,"Juan",44,"M",1951.54,"Finanzas","Casado",5,33.2,4,"No",1.6
778,"Luis",29,"F",1908.14,"RRHH","Viudo",21,33.5,5,"Sí",7.1
779,"Elena",25,"F",2693.71,"TI","Viudo",9,32.4,4,"Sí",3.2
780,"Ana",50,"M",2433.63,"Finanzas","Viudo",18,44.3,2,"Sí",1.5
781,"Juan",39,"M",2998.3,"Marketing","Viudo",11,33.9,1,"No",2.6
782,"Juan",51,"M",1467.43,"Marketing","Casado",22,43.1,1,"Sí",2.3
782,"Juan",51,"M",1467.43,"Marketing","Casado",22,43.1,1,"Sí",2.3
783,"Carlos",22,"F",2914.39,"Finanzas","Viudo",25,51.7,1,"Sí",7.5
784,"Carlos",30,"M",2157.39,"Ventas","Viudo",21,39,4,"Sí",8.7
784,"Carlos",30,"M",2157.39,"Ventas","Viudo",21,39,4,"Sí",8.7
785,"Pedro",36,"F",2226.48,"Finanzas","Viudo",19,39.1,1,"No",4.9
786,"Pedro",48,"M",2760.9,"TI","Casado",20,44.2,2,"Sí",4.7
786,"Pedro",48,"M",2760.9,"TI","Casado",20,44.2,2,"Sí",4.7
787,"María",43,"F",1396.14,"Ventas","Soltero",18,39.9,3,"No",1
788,"Sofía",37,NA,2442.05,"Marketing","Divorciado",14,36.2,5,"No",6.4
789,"María",46,"M",2174,"Ventas","Soltero",23,32.9,2,"Sí",1.8
790,"Elena",26,"M",2395.18,"TI","Divorciado",NA,40.5,4,"Sí",2.4
791,"Carlos",33,"F",2528.45,"RRHH","Casado",3,37.9,5,"No",5.1
792,"María",38,"M",2520.85,"TI","Soltero",27,42,3,"No",4.5
793,"Pedro",50,"F",2230.93,"Marketing","Soltero",15,41.4,5,"Sí",1.4
794,NA,59,"F",1692.6,"TI","Viudo",12,46.5,4,"No",1.6
795,"Juan",26,"M",3364.83,"Finanzas","Viudo",15,43,3,"Sí",2.9
796,"Luis",28,"M",2226.09,"TI","Divorciado",17,45.7,3,"Sí",7.2
797,"Pedro",18,"M",2248.9,"Ventas","Divorciado",29,40.3,5,"Sí",2.3
798,"María",51,"F",2645.68,"RRHH","Divorciado",21,44.1,1,"Sí",1.8
799,"Ana",28,"F",1881.59,"Ventas","Divorciado",6,38.8,1,"No",6.1
800,"Sofía",42,"M",1665.55,"TI","Viudo",19,39.2,5,"Sí",3.7
801,"Carlos",31,"F",3345.56,"RRHH","Soltero",10,40.4,5,"Sí",9.7
802,"Juan",48,"M",3171.5,"TI","Casado",31,34.4,1,"Sí",3.3
803,"María",31,"M",2333.05,"RRHH","Soltero",38,34,4,"Sí",5.5
804,"Elena",37,NA,3280.67,"RRHH","Viudo",28,38.5,1,"No",5.6
804,"Elena",37,NA,3280.67,"RRHH","Viudo",28,38.5,1,"No",5.6
805,"Carlos",57,"F",2395.17,"Finanzas","Divorciado",1,33,5,"Sí",2.4
806,"Juan",41,"M",2832.67,"Ventas","Viudo",28,40.5,3,"No",3.4
807,"Carlos",54,"F",2463.85,"Marketing","Casado",28,44,1,"Sí",0.9
808,"Luis",58,"M",NA,"Marketing","Viudo",32,35.6,2,"No",1
809,"Juan",46,"M",2748.98,"RRHH","Soltero",2,40.3,2,"No",1.1
810,"Luis",27,"M",2450.04,"Ventas","Viudo",15,32.3,2,"Sí",6.1
811,"Carlos",24,"M",1996.92,"Finanzas","Soltero",8,44.7,3,"Sí",9.1
812,NA,39,"F",2079.57,"TI","Soltero",28,38.2,1,"Sí",7.8
813,"Carlos",61,"F",3021.04,"Ventas","Casado",18,47.7,1,"No",4.7
814,"Carlos",49,"F",1730,"Ventas","Casado",7,40.2,4,"No",9.5
815,"Ana",28,"M",2859.11,"Ventas","Casado",35,49.3,1,"Sí",8.8
816,"Luis",35,"M",2503.07,"RRHH","Casado",31,41.7,1,"No",0.7
817,"Sofía",29,"M",3102.82,"TI","Soltero",18,39.1,3,"Sí",8.8
818,"Carlos",24,"M",2501.11,"Finanzas","Divorciado",6,45.1,1,"No",9.2
819,"María",20,"M",2066.32,"Marketing","Viudo",30,42.6,2,"Sí",9.2
820,"Ana",63,"M",2382.62,"TI","Viudo",21,37.2,1,"No",1.5
821,"Juan",35,"F",1061.69,"Ventas","Divorciado",32,43.5,2,"No",0.5
822,"Elena",65,"M",1999.78,"Finanzas","Casado",30,43.2,5,"No",4.3
823,"Elena",23,"M",2614.39,"Ventas","Divorciado",22,41.9,3,"Sí",0.1
824,"Pedro",47,"M",2541.04,"Marketing","Soltero",26,38.2,3,"Sí",1.1
825,"Luis",23,"F",2842.63,"TI","Viudo",18,39.7,4,"Sí",5
826,"María",53,"M",1931.9,"TI","Soltero",39,44.4,1,"No",9.4
826,"María",53,"M",1931.9,"TI","Soltero",39,44.4,1,"No",9.4
827,"Elena",46,"F",2692.24,"Ventas","Casado",11,45.6,4,"No",0.9
828,"Pedro",54,"M",2746.37,"Finanzas","Casado",1,41.5,5,"Sí",5.6
829,"Sofía",63,"M",2203.67,"RRHH","Divorciado",10,36,4,"No",7.8
830,"Pedro",59,"M",1657.73,"RRHH","Divorciado",8,43.8,4,"Sí",4.8
831,"Sofía",57,"M",2952.91,"Finanzas","Soltero",32,40.7,2,"No",6.8
831,"Sofía",57,"M",2952.91,"Finanzas","Soltero",32,40.7,2,"No",6.8
832,"María",59,"M",2395.94,"Ventas","Soltero",36,45.7,2,"No",6.7
833,"Sofía",63,"F",2565.47,"Ventas","Viudo",36,32,1,"No",5.4
834,"Juan",46,"M",2265.07,"RRHH","Divorciado",9,36.3,5,"Sí",10
835,"Juan",64,"M",1852.33,"RRHH","Casado",33,42.7,5,"No",4.8
NA,"María",49,"M",2296.84,"Marketing","Soltero",30,NA,2,"No",2.6
837,"Sofía",18,"F",2939.15,"Marketing","Soltero",5,53.7,2,"Sí",7.4
838,"Elena",51,"M",2916.44,"Finanzas","Divorciado",25,35.7,4,"No",6.7
839,"Luis",32,"F",2883.42,"Finanzas","Divorciado",11,42.2,2,"No",8
840,"Pedro",27,"M",2100.21,"TI","Soltero",9,31.4,1,"Sí",5.4
841,"Ana",22,"M",1653.12,"TI","Divorciado",35,51,2,"No",8.6
842,"Juan",22,"M",2725.18,"Finanzas","Casado",23,43.6,4,"No",5.7
843,"María",34,"F",2491.17,"TI","Casado",19,37.4,4,"No",5
844,"María",19,"F",2480.93,"Marketing","Divorciado",13,41.3,1,"No",8.7
845,"Sofía",44,"F",2262.18,"Finanzas","Casado",32,36.4,2,"Sí",1.2
846,"María",28,"F",1653.24,"RRHH","Soltero",22,31.4,5,"Sí",5.8
847,"Luis",54,"M",2737.94,"Marketing","Viudo",4,34.6,1,"No",5.2
848,"Ana",34,"F",1949.24,"Marketing","Viudo",20,35.4,5,"No",4.7
848,"Ana",34,"F",1949.24,"Marketing","Viudo",20,35.4,5,"No",4.7
849,"Ana",63,"F",2133.21,"Ventas","Soltero",5,45.7,3,"No",7.8
850,"Luis",52,"F",1297.89,"TI","Viudo",22,42.3,1,"No",6.2
851,"Pedro",59,"M",3653.33,"RRHH","Viudo",10,38.1,5,"No",4.2
851,"Pedro",59,"M",3653.33,"RRHH","Viudo",10,38.1,5,"No",4.2
852,"Sofía",30,"M",2695,"Finanzas","Viudo",23,38.7,5,"No",2.4
853,"María",47,"F",1819.61,"Finanzas","Soltero",25,45.4,4,"Sí",3.2
854,"Luis",48,"M",2552.82,"Finanzas","Divorciado",14,35,1,"Sí",9.7
855,"Luis",51,"M",2196.37,"Ventas","Divorciado",31,43,3,"No",5.2
856,"Juan",34,"F",3311.26,"TI","Viudo",6,35.3,1,"Sí",9.7
857,"Carlos",26,"F",3463.09,"Marketing","Viudo",NA,43.6,1,"No",4.8
858,"Pedro",26,"M",3523.5,"RRHH","Casado",29,46.3,5,"Sí",2.1
859,"Pedro",39,"M",2257.7,"RRHH","Viudo",11,37.8,5,"No",2.4
860,"Carlos",63,"F",2681.3,"Finanzas","Viudo",3,42.3,2,"Sí",0.3
861,"Juan",64,"F",3455.61,"Marketing","Divorciado",6,29,1,"Sí",3.5
862,"Juan",49,"F",2362.74,"RRHH","Divorciado",21,41.6,5,"No",9.7
863,"Carlos",55,"F",2174.05,"Ventas","Soltero",18,41.6,1,"Sí",7
864,"Elena",57,"M",2998.17,"Ventas","Viudo",38,42.1,5,"Sí",6.9
865,"Juan",19,"F",NA,"RRHH","Divorciado",17,46.1,1,"No",8.3
865,"Juan",19,"F",NA,"RRHH","Divorciado",17,46.1,1,"No",8.3
866,"Pedro",18,"M",2681.32,"RRHH","Viudo",25,35.2,5,"Sí",0.8
867,"Pedro",35,"M",2124.88,"Ventas","Viudo",24,47,3,"No",8.3
868,"Elena",24,"M",3081.93,"Ventas","Casado",9,35.2,1,"Sí",2.1
868,"Elena",24,"M",3081.93,"Ventas","Casado",9,35.2,1,"Sí",2.1
869,"Elena",44,"M",1525.61,"TI","Soltero",25,31.8,5,"Sí",3
870,"María",24,"M",3134.32,"Ventas","Divorciado",30,51,3,"No",1.5
871,"Ana",53,"M",1911.09,"Marketing","Viudo",2,44.1,3,"No",2.1
872,"Sofía",22,"M",3170.54,"Ventas","Soltero",16,43.8,5,"Sí",5.5
873,"Ana",28,"F",3110.52,"Ventas","Divorciado",31,43.2,1,"Sí",0.2
874,"María",44,"M",2423.61,"Ventas","Viudo",29,39,3,"No",3.9
875,"Ana",48,"M",3054.2,"Ventas","Viudo",13,45,1,"Sí",0.7
876,"Carlos",59,"M",2134.01,"RRHH","Divorciado",18,47.2,2,"No",9.2
877,"Carlos",28,"M",3694.58,"Finanzas","Divorciado",9,32.2,5,"No",2.5
878,"Sofía",45,"M",1825.95,NA,"Divorciado",8,34.3,4,"Sí",9.7
879,"Elena",50,"M",3032.48,"TI","Casado",22,36.4,3,"Sí",8.9
879,"Elena",50,"M",3032.48,"TI","Casado",22,36.4,3,"Sí",8.9
880,"Juan",59,"F",2506.86,"TI","Viudo",16,42.6,3,"Sí",8.2
881,"Elena",49,"F",2966.32,"Ventas","Soltero",32,28.3,3,"No",1
882,"Luis",40,"M",2133.72,"Finanzas","Divorciado",16,39.2,4,"Sí",4.9
883,"Pedro",38,"F",2963.42,"RRHH","Divorciado",22,32.7,4,"Sí",1.9
884,"Luis",61,"F",2380.98,"Ventas","Divorciado",3,38.3,2,"Sí",8.7
885,"Carlos",56,"F",2536.05,"TI","Divorciado",24,32,1,"No",0.4
886,"Carlos",54,"M",2509.79,"TI","Divorciado",22,45.9,4,"No",2.3
887,"Juan",49,"F",2999.78,"RRHH","Casado",1,38.6,1,"No",6.7
888,"Elena",57,"M",1600.11,"Ventas","Viudo",32,39,1,"Sí",2.6
889,"Ana",32,"M",2883.7,"Marketing","Viudo",15,47.5,4,"No",0.1
890,"Carlos",49,"M",1745.77,"TI","Viudo",32,35.7,1,"No",5.1
891,"Carlos",24,"M",2615.94,"Marketing","Casado",20,32.3,5,"Sí",8.8
892,"María",31,"F",2432.48,"Marketing","Casado",23,36.9,5,"Sí",4.3
893,"María",59,"M",2386.6,"Ventas","Divorciado",38,36.7,2,"No",0.4
894,"Juan",65,"F",2470.64,"Marketing","Casado",29,41.8,2,"No",2.2
895,"Pedro",42,"M",2474.24,"TI","Viudo",20,38.4,5,"Sí",7.9
896,"Juan",20,"F",2487.38,"Ventas","Casado",39,32.9,1,"No",6.4
897,"María",40,"F",2501.25,"TI","Viudo",17,39.1,3,"No",0.9
898,"Luis",28,"M",1713.72,"RRHH","Casado",NA,43,4,"No",2.7
899,"Carlos",48,"F",2918.66,"TI","Soltero",20,33.3,3,"No",4.2
900,"María",20,"F",1605.54,"Ventas","Casado",16,45,3,"No",8.7
901,"Elena",25,"F",2903.27,"TI","Soltero",37,43.5,2,"No",1.2
902,"Elena",44,"F",2191.38,"RRHH","Viudo",34,NA,2,"Sí",3.6
903,"Pedro",44,"F",2405.36,"Finanzas","Soltero",6,38.4,1,"Sí",5.3
904,"Pedro",42,"F",2631.92,"Finanzas",NA,20,42.1,2,"Sí",3.6
905,"Elena",45,"M",2887.7,"Finanzas","Casado",7,35.6,1,"No",4.4
906,"Sofía",45,"F",1764.92,"Finanzas","Divorciado",28,38.7,3,"No",4.7
907,"María",30,"F",1830.52,"Finanzas","Viudo",36,34.7,5,"No",6.7
908,"Luis",32,"F",2423.51,"Ventas","Soltero",7,45.4,1,"No",9.1
909,"Luis",61,"F",3021.25,"Marketing","Soltero",27,32.8,NA,"Sí",2.7
910,"Ana",58,"F",2357.79,"Ventas","Viudo",6,43.1,4,NA,7.3
911,"Elena",48,"M",3091.7,"Marketing","Soltero",20,36.6,1,"No",3
912,"Pedro",55,"F",NA,"Ventas","Divorciado",22,34.8,1,"No",6.4
913,"Carlos",30,"M",2492.4,"Marketing","Casado",23,47.3,3,"No",1.5
914,"Pedro",58,"M",3197.24,"Finanzas","Divorciado",9,40.5,4,"No",8.5
915,"Elena",28,"F",2964.36,"Finanzas","Casado",28,41.7,2,"No",1.2
916,"Elena",63,"F",2210.91,"TI","Soltero",23,41,2,"Sí",1.4
917,"Juan",39,"M",2230.91,"TI","Soltero",33,43.3,4,"No",1.4
918,"Luis",41,"M",2781.62,"Finanzas","Viudo",3,47.4,1,"No",8.7
919,"Ana",62,"F",3875.55,"RRHH","Divorciado",6,40.3,2,"No",9.1
919,"Ana",62,"F",3875.55,"RRHH","Divorciado",6,40.3,2,"No",9.1
920,"Carlos",29,"F",2142.78,"TI","Divorciado",39,46.1,4,"No",5
921,"Luis",61,"F",2299.15,"Ventas","Soltero",19,28.3,5,"No",9.9
922,"María",43,"F",2273.16,"Ventas","Divorciado",16,43.2,3,"Sí",0.7
923,"Carlos",37,"M",NA,"Ventas","Divorciado",2,42.1,4,"No",4.8
924,"Ana",53,"M",1181.04,"Finanzas","Casado",40,40.9,5,"Sí",2.8
925,"Pedro",45,"F",2208.71,"RRHH","Soltero",20,40.6,3,"Sí",7.7
926,"Luis",33,"M",1905.79,"Ventas","Soltero",31,37.7,2,"Sí",3.6
927,"Elena",61,"F",2423.54,"Ventas","Casado",38,36.9,2,"No",3.8
928,"Elena",19,"M",2262.83,"RRHH","Viudo",20,45.5,5,"Sí",9.4
929,"Luis",54,"M",1940.41,"Finanzas","Viudo",27,39.1,5,"No",1.1
930,"Ana",36,"F",2531.62,"Marketing","Divorciado",6,45.9,3,"Sí",0.2
931,"Ana",30,"M",2323.02,"Finanzas","Divorciado",36,38.1,2,"No",3.9
932,"Elena",56,"F",2424.61,"TI","Viudo",3,34.9,3,"No",3.6
933,"Elena",47,"M",1683.27,"Marketing","Casado",4,47.2,5,"No",8.6
934,"María",22,"M",2710.98,"RRHH","Casado",28,39.5,5,"No",1.7
935,"Ana",24,"M",2499.88,"Finanzas","Soltero",39,46.1,5,"Sí",1.4
936,"Elena",33,"M",2338.29,"RRHH","Viudo",13,33.8,5,"Sí",6.1
937,"Carlos",61,"F",2170.52,"TI","Divorciado",36,41.8,2,"Sí",8.8
938,"Carlos",60,"F",2461.87,NA,"Viudo",5,38.4,2,"Sí",5.1
NA,"Sofía",36,"F",2096.77,"Finanzas","Viudo",11,49.8,1,"Sí",7.5
940,"Juan",55,"M",2153.05,"Finanzas","Viudo",19,46.5,3,"No",8.5
941,"María",43,"M",2767.1,"RRHH","Divorciado",29,42.8,2,NA,5.3
942,"Elena",61,"F",1947.91,"RRHH","Divorciado",3,37.5,3,"No",8.4
942,"Elena",61,"F",1947.91,"RRHH","Divorciado",3,37.5,3,"No",8.4
943,"Juan",62,"M",3495.62,"RRHH","Casado",25,44.9,1,"No",5.8
944,"Pedro",55,"F",1560.04,"Ventas","Casado",40,43.6,1,"No",7.6
945,"Ana",27,"M",2853.59,"Finanzas","Viudo",29,32.8,3,"Sí",8.3
946,"Pedro",57,"M",2117.19,"Marketing","Viudo",9,45.9,5,"Sí",9.6
947,"Ana",27,"F",2636.09,"Ventas","Divorciado",0,44.3,3,"No",2.3
NA,"Ana",55,"M",2848.29,"RRHH","Viudo",9,39.1,5,"No",1.4
NA,"Ana",55,"M",2848.29,"RRHH","Viudo",9,39.1,5,"No",1.4
949,"Carlos",44,"F",3114.94,"Ventas","Casado",8,51.6,1,"Sí",5.9
950,"Carlos",46,"F",3094.29,"Marketing","Divorciado",9,44.8,3,"Sí",3.1
951,"Carlos",47,"F",2271.74,"Finanzas","Viudo",3,37.4,1,"No",0.7
952,"Elena",40,"F",1981.46,"Marketing","Viudo",23,44.7,4,"No",8.3
953,"Luis",38,"F",2463.97,"TI","Viudo",6,42,1,"No",2.7
953,"Luis",38,"F",2463.97,"TI","Viudo",6,42,1,"No",2.7
954,"Ana",19,NA,3055.56,"TI","Divorciado",13,39.1,5,"Sí",2.8
955,"Sofía",40,"M",2809.37,"RRHH","Soltero",1,23.7,1,"No",3
956,"Sofía",36,"M",2253.66,"TI","Casado",22,37.8,4,"Sí",1.1
957,"Luis",36,"F",2620.47,"TI","Soltero",39,40.1,5,"No",1.3
958,"Carlos",30,"F",2436.08,"Ventas","Viudo",9,43.6,2,"Sí",6.4
959,"Luis",50,"F",2922.02,"RRHH","Casado",39,41.8,1,"No",0.9
960,"Juan",55,"F",3092.07,"TI","Casado",0,41.1,1,"No",7.9
961,"Carlos",54,"F",2433.16,"TI","Divorciado",14,NA,4,"No",9.4
962,"Juan",24,"F",2908.91,"Finanzas","Divorciado",22,39.7,2,"No",3
963,"Carlos",43,"M",2614.48,"Marketing","Viudo",34,34.7,4,"No",5.6
964,"Sofía",34,"M",2933.96,"Ventas","Casado",13,37.5,4,"No",0
965,"Elena",64,"F",2197.12,"RRHH","Viudo",37,39.1,2,"No",6
966,"Elena",54,"M",2633.03,"Marketing","Soltero",30,37.1,1,"No",1.4
967,"Pedro",54,"M",2039.66,"RRHH","Viudo",28,30.7,2,"Sí",8
968,"Juan",49,"F",2336.4,"TI","Viudo",40,43,5,"No",1
969,"Pedro",62,"M",2592.17,"Marketing","Divorciado",15,44,2,"Sí",4.2
970,"Carlos",57,"F",1827.76,"Marketing","Casado",38,36.3,3,"No",2.6
971,"Elena",50,"M",1972.25,"Marketing","Divorciado",13,42.2,4,"No",7.9
972,"Juan",53,"F",2432.41,"Ventas","Soltero",22,38.4,2,"No",3.5
973,"Ana",21,"M",2642.14,"Ventas","Viudo",19,38.5,2,"No",3.9
974,"Elena",57,"F",2521.07,"Marketing",NA,19,43,1,"Sí",8.4
975,"Juan",45,"M",2481.08,"Marketing","Casado",38,42.1,1,"No",7.6
976,"Luis",38,"F",2473.83,"RRHH","Casado",2,37.1,1,"No",0.8
977,"Elena",40,"F",2190.04,"Marketing","Soltero",1,36.3,3,"No",0.7
977,"Elena",40,"F",2190.04,"Marketing","Soltero",1,36.3,3,"No",0.7
978,"Luis",53,"M",2920.13,"RRHH","Divorciado",24,42.7,1,"Sí",2.7
979,"María",35,"M",2548.83,"RRHH","Soltero",23,35,4,"No",1.8
979,"María",35,"M",2548.83,"RRHH","Soltero",23,35,4,"No",1.8
980,"Carlos",63,"F",2598.76,"Ventas","Casado",23,36.5,5,"No",2.3
981,"Elena",45,"F",1999.67,"Marketing","Casado",22,46.9,5,"Sí",3.9
982,"Ana",48,"M",1603.42,"Ventas","Casado",7,40.8,5,"No",9.2
983,"María",29,"F",2026.71,"RRHH","Viudo",33,37.8,2,"No",4.7
984,"Luis",28,"F",2312.15,"RRHH","Divorciado",0,34.1,2,"Sí",0.7
985,"Sofía",41,"M",2316,"Ventas","Casado",35,43.6,4,"Sí",1.4
NA,"Juan",47,"M",2477.96,"RRHH","Soltero",22,37.2,1,"Sí",0.6
NA,"Luis",28,"M",2262.82,"Finanzas","Soltero",35,40.5,2,"Sí",5.3
988,"María",41,"F",2005.65,"Ventas","Divorciado",25,46,4,"Sí",8.5
989,"Ana",34,"F",2048.78,"RRHH","Divorciado",19,38.9,2,"No",6.2
990,"Sofía",40,"M",2072.31,"Marketing","Viudo",2,45.2,2,"No",5.1
991,"Pedro",51,"F",2280.41,"Finanzas","Casado",1,34.3,3,"Sí",4.7
992,"Ana",27,"F",2748.5,"Ventas","Divorciado",21,31.2,2,"No",2.8
993,"Juan",21,"M",2392.68,"Marketing","Viudo",11,41.6,1,"Sí",0
994,"Ana",23,"M",2092.54,"Ventas","Casado",36,46,5,"No",2.4
995,"Luis",27,"F",2476.96,"Marketing","Soltero",4,37.4,4,"Sí",6.9
996,"Luis",36,"M",2914.42,"Ventas","Viudo",18,38.7,2,"No",0
997,"Ana",55,"F",2022.82,"RRHH","Soltero",35,44.6,1,"Sí",4.5
998,"Ana",58,"M",3430.65,"TI",NA,9,37.7,1,"Sí",6.1
999,"Elena",45,"F",2528.26,"Ventas","Casado",24,NA,4,"Sí",4.8
1000,"María",65,"F",2899.89,"RRHH","Divorciado",2,35.9,5,"No",4.4
